,date,meantemp,humidity,wind_speed,meanpressure,year,month,day,weekday,is_weekend
0,2013-01-01,10.0,84.5,0.0,1015.666667,2013,1,1,1,0
1,2013-01-02,7.4,92.0,2.98,1017.8,2013,1,2,2,0
2,2013-01-03,7.166667,87.0,4.633333333333334,1018.666667,2013,1,3,3,0
3,2013-01-04,8.666667,71.333333,1.2333333333333334,1017.166667,2013,1,4,4,0
4,2013-01-05,6.0,86.833333,3.7,1016.5,2013,1,5,5,1
5,2013-01-06,7.0,82.8,1.48,1018.0,2013,1,6,6,1
6,2013-01-07,7.0,78.6,6.3,1020.0,2013,1,7,0,0
7,2013-01-08,8.857143,63.714286,7.142857142857143,1018.714286,2013,1,8,1,0
8,2013-01-09,14.0,51.25,12.5,1017.0,2013,1,9,2,0
9,2013-01-10,11.0,62.0,7.399999999999999,1015.666667,2013,1,10,3,0
10,2013-01-11,15.714286,51.285714,10.571428571428571,1016.142857,2013,1,11,4,0
11,2013-01-12,14.0,74.0,13.228571428571428,1015.571429,2013,1,12,5,1
12,2013-01-13,15.833333,75.166667,4.633333333333334,1013.333333,2013,1,13,6,1
13,2013-01-14,12.833333,88.166667,0.6166666666666667,1015.166667,2013,1,14,0,0
14,2013-01-15,14.714286,71.857143,0.5285714285714286,1015.857143,2013,1,15,1,0
15,2013-01-16,13.833333,86.666667,0.0,1016.666667,2013,1,16,2,0
16,2013-01-17,16.5,80.833333,0.0,1015.833333,2013,1,17,3,0
17,2013-01-18,13.833333,92.166667,8.950000000000001,1014.5,2013,1,18,4,0
18,2013-01-19,12.5,76.666667,5.883333333333333,1021.666667,2013,1,19,5,1
19,2013-01-20,11.285714,75.285714,8.471428571428572,1020.285714,2013,1,20,6,1
20,2013-01-21,11.2,77.0,2.22,1021.0,2013,1,21,0,0
21,2013-01-22,9.5,79.666667,3.083333333333333,1021.8,2013,1,22,1,0
22,2013-01-23,14.0,60.166667,4.016666666666667,1020.5,2013,1,23,2,0
23,2013-01-24,13.833333,60.666667,6.166666666666667,1020.5,2013,1,24,3,0
25,2013-01-25,12.25,67.0,5.55,1020.75,2013,1,25,4,0
26,2013-01-26,12.666667,64.166667,6.800000000000001,1019.666667,2013,1,26,5,1
27,2013-01-27,12.857143,65.571429,5.557142857142857,1018.142857,2013,1,27,6,1
28,2013-01-28,14.833333,56.0,3.7,1017.833333,2013,1,28,0,0
29,2013-01-29,14.125,65.5,3.2375,1016.625,2013,1,29,1,0
30,2013-01-30,14.714286,70.428571,1.0571428571428572,1017.857143,2013,1,30,2,0
31,2013-01-31,16.2,65.6,2.96,1018.4,2013,1,31,3,0
32,2013-02-01,16.0,73.0,2.22,1016.0,2013,2,1,4,0
33,2013-02-02,16.285714,77.571429,1.3285714285714287,1017.142857,2013,2,2,5,1
34,2013-02-03,18.0,65.571429,1.8571428571428568,1015.285714,2013,2,3,6,1
35,2013-02-04,17.428571,74.285714,11.114285714285714,1014.571429,2013,2,4,0,0
36,2013-02-05,16.625,92.375,9.725,1016.375,2013,2,5,1,0
37,2013-02-06,16.666667,71.333333,8.633333333333333,1018.666667,2013,2,6,2,0
38,2013-02-07,15.6,59.4,10.74,1018.6,2013,2,7,3,0
39,2013-02-08,14.0,70.428571,9.257142857142856,1017.142857,2013,2,8,4,0
40,2013-02-09,15.428571,61.285714,9.257142857142856,1016.857143,2013,2,9,5,1
41,2013-02-10,15.25,71.5,3.475,1017.125,2013,2,10,6,1
42,2013-02-11,15.875,70.5,5.325,1016.5,2013,2,11,0,0
43,2013-02-12,15.333333,70.333333,7.416666666666667,1017.5,2013,2,12,1,0
44,2013-02-13,16.285714,70.142857,6.085714285714287,1016.0,2013,2,13,2,0
45,2013-02-14,17.333333,63.833333,4.333333333333333,1014.166667,2013,2,14,3,0
46,2013-02-15,19.166667,65.333333,10.183333333333335,1011.666667,2013,2,15,4,0
47,2013-02-16,14.428571,92.714286,8.485714285714286,1008.0,2013,2,16,5,1
48,2013-02-17,13.666667,90.0,0.0,1012.666667,2013,2,17,6,1
49,2013-02-18,15.6,78.4,12.220000000000002,1016.2,2013,2,18,0,0
50,2013-02-19,15.857143,82.0,5.814285714285715,1015.714286,2013,2,19,1,0
51,2013-02-20,17.714286,74.714286,5.814285714285715,1017.0,2013,2,20,2,0
52,2013-02-21,20.0,67.285714,6.614285714285714,1015.428571,2013,2,21,3,0
53,2013-02-22,20.5,65.625,10.875000000000002,1016.0,2013,2,22,4,0
54,2013-02-23,27.875,74.857143,0.0,1017.0,2013,2,23,5,1
55,2013-02-24,16.857143,78.857143,7.400000000000001,1018.857143,2013,2,24,6,1
56,2013-02-25,16.875,72.875,4.6375,1018.25,2013,2,25,0,0
57,2013-02-26,17.857143,70.0,17.587500000000002,1015.142857,2013,2,26,1,0
58,2013-02-27,20.8,57.2,6.660000000000001,1015.2,2013,2,27,2,0
59,2013-02-28,19.428571,52.857143,12.957142857142856,1017.428571,2013,2,28,3,0
60,2013-03-01,17.333333,49.333333,6.221666666666667,1016.333333,2013,3,1,4,0
61,2013-03-02,19.0,54.0,15.725,1016.25,2013,3,2,5,1
62,2013-03-03,19.333333,62.833333,8.633333333333333,1016.166667,2013,3,3,6,1
63,2013-03-04,17.6,71.0,5.5600000000000005,1015.8,2013,3,4,0,0
64,2013-03-05,20.875,61.875,4.1625000000000005,1016.375,2013,3,5,1,0
65,2013-03-06,20.857143,65.285714,6.871428571428573,1015.714286,2013,3,6,2,0
66,2013-03-07,23.428571,57.142857,8.728571428571428,1015.285714,2013,3,7,3,0
67,2013-03-08,24.166667,44.833333,7.1000000000000005,1014.833333,2013,3,8,4,0
68,2013-03-09,25.428571,49.714286,5.285714285714286,1009.285714,2013,3,9,5,1
69,2013-03-10,23.142857,57.571429,4.228571428571429,1008.0,2013,3,10,6,1
70,2013-03-11,24.0,66.333333,0.9333333333333332,1011.166667,2013,3,11,0,0
71,2013-03-12,23.5,62.5,4.933333333333334,1011.5,2013,3,12,1,0
72,2013-03-13,21.5,70.5,5.55,1009.0,2013,3,13,2,0
73,2013-03-14,22.333333,61.166667,12.033333333333331,1013.166667,2013,3,14,3,0
74,2013-03-15,24.166667,45.833333,7.716666666666668,1016.166667,2013,3,15,4,0
75,2013-03-16,20.333333,67.666667,3.7,1016.166667,2013,3,16,5,1
76,2013-03-17,22.666667,58.666667,8.95,1015.0,2013,3,17,6,1
77,2013-03-18,23.428571,58.142857,17.457142857142856,1009.428571,2013,3,18,0,0
78,2013-03-19,22.5,73.666667,10.483333333333333,1011.0,2013,3,19,1,0
79,2013-03-20,29.166667,36.333333,6.800000000000001,1009.5,2013,3,20,2,0
80,2013-03-21,23.833333,58.5,10.5,1008.333333,2013,3,21,3,0
81,2013-03-22,27.875,50.25,9.7125,1006.375,2013,3,22,4,0
82,2013-03-23,27.375,50.125,9.95,1007.625,2013,3,23,5,1
83,2013-03-24,27.0,48.75,10.8875,1010.25,2013,3,24,6,1
84,2013-03-25,23.5,45.5,15.9625,1010.625,2013,3,25,0,0
85,2013-03-26,24.142857,44.571429,12.957142857142856,1008.857143,2013,3,26,1,0
86,2013-03-27,21.0,62.0,1.85,1009.0,2013,3,27,2,0
87,2013-03-28,22.428571,62.714286,7.4142857142857155,1009.571429,2013,3,28,3,0
88,2013-03-29,21.25,70.375,5.550000000000001,1009.75,2013,3,29,4,0
89,2013-03-30,23.5,54.75,11.1125,1008.625,2013,3,30,5,1
90,2013-03-31,23.2,58.0,6.660000000000001,1008.6,2013,3,31,6,1
91,2013-04-01,25.375,45.5,4.4,1008.5,2013,4,1,0,0
92,2013-04-02,25.166667,51.0,8.65,1009.5,2013,4,2,1,0
93,2013-04-03,26.2,45.6,8.14,1009.0,2013,4,3,2,0
94,2013-04-04,24.6,41.8,11.12,1007.8,2013,4,4,3,0
95,2013-04-05,25.6,31.0,15.56,1007.0,2013,4,5,4,0
96,2013-04-06,25.857143,29.857143,11.900000000000002,1006.142857,2013,4,6,5,1
97,2013-04-07,29.142857,23.285714,10.314285714285717,1005.0,2013,4,7,6,1
98,2013-04-08,28.714286,33.857143,5.3,1006.0,2013,4,8,0,0
99,2013-04-09,30.166667,30.5,8.65,1005.333333,2013,4,9,1,0
100,2013-04-10,30.0,28.0,6.1,1006.714286,2013,4,10,2,0
101,2013-04-11,30.0,24.2,7.780000000000001,1006.4,2013,4,11,3,0
102,2013-04-12,28.857143,32.571429,6.342857142857143,1007.571429,2013,4,12,4,0
103,2013-04-13,30.2,29.2,10.000000000000002,1008.4,2013,4,13,5,1
104,2013-04-14,28.25,39.375,6.487499999999999,1007.0,2013,4,14,6,1
105,2013-04-15,28.25,41.375,6.25,1003.875,2013,4,15,0,0
106,2013-04-16,32.125,24.625,10.425,1000.0,2013,4,16,1,0
107,2013-04-17,29.2,24.2,6.659999999999999,1002.2,2013,4,17,2,0
108,2013-04-18,30.285714,30.285714,4.757142857142858,1002.857143,2013,4,18,3,0
109,2013-04-19,28.285714,31.285714,3.971428571428571,1002.571429,2013,4,19,4,0
110,2013-04-20,30.625,29.0,7.6375,1003.375,2013,4,20,5,1
111,2013-04-21,27.666667,38.666667,13.883333333333333,1006.833333,2013,4,21,6,1
112,2013-04-22,27.375,45.375,7.650000000000001,1010.0,2013,4,22,0,0
113,2013-04-23,28.625,44.125,4.625000000000001,1009.875,2013,4,23,1,0
114,2013-04-24,30.285714,41.714286,2.1142857142857143,1008.571429,2013,4,24,2,0
115,2013-04-25,31.142857,38.285714,3.7,1007.714286,2013,4,25,3,0
116,2013-04-26,29.875,45.875,6.7125,1008.375,2013,4,26,4,0
117,2013-04-27,31.142857,31.428571,13.485714285714286,1007.0,2013,4,27,5,1
118,2013-04-28,30.571429,28.0,12.971428571428572,1005.428571,2013,4,28,6,1
119,2013-04-29,32.125,26.375,7.875,1004.875,2013,4,29,0,0
120,2013-04-30,31.142857,32.0,7.928571428571429,1004.857143,2013,4,30,1,0
121,2013-05-01,31.857143,62.699248499999996,12.685714285714289,1002.833333,2013,5,1,2,0
122,2013-05-02,29.833333,22.166667,11.433333333333335,1001.2,2013,5,2,3,0
123,2013-05-03,28.571429,31.571429,9.0,999.428571,2013,5,3,4,0
124,2013-05-04,32.857143,31.428571,2.914285714285714,999.0,2013,5,4,5,1
125,2013-05-05,32.625,31.125,3.0125,1000.625,2013,5,5,6,1
126,2013-05-06,27.875,39.25,3.7,1001.625,2013,5,6,0,0
127,2013-05-07,32.875,33.25,7.175000000000001,1002.0,2013,5,7,1,0
128,2013-05-08,34.5,23.0,9.25,1001.166667,2013,5,8,2,0
129,2013-05-09,34.285714,26.0,8.985714285714284,1000.857143,2013,5,9,3,0
130,2013-05-10,34.0,27.714286,9.528571428571428,1000.142857,2013,5,10,4,0
131,2013-05-11,30.75,30.375,14.8125,999.875,2013,5,11,5,1
132,2013-05-12,29.857143,40.142857,5.828571428571428,1003.714286,2013,5,12,6,1
133,2013-05-13,31.714286,34.0,3.971428571428572,1003.571429,2013,5,13,0,0
134,2013-05-14,32.285714,34.285714,4.771428571428571,1001.571429,2013,5,14,1,0
135,2013-05-15,33.0,33.0,3.2375000000000003,999.857143,2013,5,15,2,0
136,2013-05-16,33.0,34.75,7.175000000000001,998.5,2013,5,16,3,0
137,2013-05-17,32.833333,28.166667,9.866666666666667,1000.333333,2013,5,17,4,0
138,2013-05-18,31.4,42.2,12.966666666666669,999.0,2013,5,18,5,1
139,2013-05-19,35.333333,22.333333,15.749999999999998,999.666667,2013,5,19,6,1
140,2013-05-20,36.4,24.2,7.4,998.4,2013,5,20,0,0
141,2013-05-21,36.0,19.0,11.371428571428572,998.666667,2013,5,21,1,0
142,2013-05-22,36.75,22.125,17.5875,998.625,2013,5,22,2,0
143,2013-05-23,37.5,23.333333,13.566666666666668,997.166667,2013,5,23,3,0
144,2013-05-24,38.428571,27.428571,11.385714285714286,996.428571,2013,5,24,4,0
145,2013-05-25,38.714286,22.428571,10.314285714285717,998.142857,2013,5,25,5,1
146,2013-05-26,37.8,21.2,10.74,998.2,2013,5,26,6,1
147,2013-05-27,35.857143,31.571429,8.72857142857143,999.142857,2013,5,27,0,0
148,2013-05-28,35.333333,29.0,8.333333333333334,1000.166667,2013,5,28,1,0
149,2013-05-29,34.142857,27.857143,5.557142857142858,999.428571,2013,5,29,2,0
150,2013-05-30,32.2,28.2,5.5600000000000005,999.6,2013,5,30,3,0
151,2013-05-31,33.625,40.125,10.6375,998.714286,2013,5,31,4,0
152,2013-06-01,32.0,54.0,13.4375,998.75,2013,6,1,5,1
153,2013-06-02,32.4,56.6,14.2,1001.0,2013,6,2,6,1
154,2013-06-03,35.6,47.0,12.239999999999998,999.6,2013,6,3,0,0
155,2013-06-04,35.857143,42.571429,5.028571428571429,999.857143,2013,6,4,1,0
156,2013-06-05,37.166667,36.5,9.866666666666664,998.0,2013,6,5,2,0
157,2013-06-06,31.285714,61.714286,10.042857142857144,997.285714,2013,6,6,3,0
158,2013-06-07,34.0,49.25,7.412500000000001,998.0,2013,6,7,4,0
159,2013-06-08,34.2,57.4,13.34,997.0,2013,6,8,5,1
160,2013-06-09,36.166667,40.0,11.416666666666666,995.166667,2013,6,9,6,1
161,2013-06-10,36.625,42.75,8.100000000000001,995.125,2013,6,10,0,0
162,2013-06-11,30.166667,61.666667,16.349999999999998,1000.0,2013,6,11,1,0
163,2013-06-12,34.142857,54.142857,7.4142857142857155,998.0,2013,6,12,2,0
164,2013-06-13,29.833333,68.666667,9.866666666666664,998.666667,2013,6,13,3,0
165,2013-06-14,30.142857,68.142857,7.942857142857142,997.428571,2013,6,14,4,0
166,2013-06-15,30.714286,65.0,13.22857142857143,997.857143,2013,6,15,5,1
167,2013-06-16,27.0,88.857143,8.485714285714286,996.428571,2013,6,16,6,1
168,2013-06-17,26.875,87.375,8.3375,994.75,2013,6,17,0,0
169,2013-06-18,28.4,83.6,5.18,996.4,2013,6,18,1,0
170,2013-06-19,29.857143,72.857143,4.228571428571429,999.0,2013,6,19,2,0
171,2013-06-20,33.0,52.714286,4.771428571428571,997.166667,2013,6,20,3,0
172,2013-06-21,34.833333,47.333333,5.866666666666667,995.333333,2013,6,21,4,0
173,2013-06-22,35.6,39.4,10.74,996.2,2013,6,22,5,1
174,2013-06-23,35.166667,53.0,8.350000000000001,995.666667,2013,6,23,6,1
175,2013-06-24,33.142857,55.0,13.22857142857143,996.285714,2013,6,24,0,0
176,2013-06-25,30.571429,70.428571,11.114285714285716,999.166667,2013,6,25,1,0
177,2013-06-26,30.666667,71.5,6.483333333333333,999.0,2013,6,26,2,0
178,2013-06-27,31.428571,61.857143,7.957142857142856,996.714286,2013,6,27,3,0
179,2013-06-28,31.5,64.25,8.8125,996.0,2013,6,28,4,0
180,2013-06-29,33.25,57.0,13.875,995.25,2013,6,29,5,1
181,2013-06-30,32.833333,52.166667,10.5,997.166667,2013,6,30,6,1
182,2013-07-01,33.857143,54.0,8.728571428571428,996.428571,2013,7,1,0,0
183,2013-07-02,33.142857,58.285714,9.8,996.0,2013,7,2,1,0
184,2013-07-03,31.571429,70.0,6.357142857142857,997.571429,2013,7,3,2,0
185,2013-07-04,32.375,67.5,9.25,997.0,2013,7,4,3,0
186,2013-07-05,32.8,62.2,12.96,997.8,2013,7,5,4,0
187,2013-07-06,31.0,73.142857,11.37142857142857,1000.571429,2013,7,6,5,1
188,2013-07-07,31.166667,77.333333,7.1000000000000005,1000.166667,2013,7,7,6,1
189,2013-07-08,29.833333,75.166667,6.483333333333334,997.5,2013,7,8,0,0
190,2013-07-09,29.0,78.833333,8.016666666666667,996.833333,2013,7,9,1,0
191,2013-07-10,29.75,75.375,6.4875,995.75,2013,7,10,2,0
192,2013-07-11,32.5,65.5,7.116666666666667,997.333333,2013,7,11,3,0
193,2013-07-12,28.875,86.625,5.562500000000001,1000.0,2013,7,12,4,0
194,2013-07-13,31.75,70.25,12.0625,998.875,2013,7,13,5,1
195,2013-07-14,30.75,71.625,4.8125,997.375,2013,7,14,6,1
196,2013-07-15,31.75,73.25,13.5375,998.375,2013,7,15,0,0
197,2013-07-16,29.875,83.875,9.0,999.0,2013,7,16,1,0
198,2013-07-17,31.125,78.375,8.65,998.0,2013,7,17,2,0
199,2013-07-18,31.75,76.0,5.550000000000001,995.0,2013,7,18,3,0
200,2013-07-19,30.5,73.5,9.266666666666666,995.333333,2013,7,19,4,0
201,2013-07-20,26.833333,90.666667,4.933333333333333,999.166667,2013,7,20,5,1
202,2013-07-21,28.2,88.0,2.24,996.4,2013,7,21,6,1
203,2013-07-22,29.5,80.333333,4.333333333333333,996.833333,2013,7,22,0,0
204,2013-07-23,31.857143,70.714286,3.971428571428572,998.0,2013,7,23,1,0
205,2013-07-24,29.714286,84.142857,3.971428571428571,997.142857,2013,7,24,2,0
206,2013-07-25,28.333333,84.5,8.016666666666667,995.166667,2013,7,25,3,0
207,2013-07-26,30.0,73.857143,5.571428571428572,995.428571,2013,7,26,4,0
208,2013-07-27,30.142857,79.0,4.228571428571429,997.285714,2013,7,27,5,1
209,2013-07-28,32.285714,67.428571,6.085714285714286,998.142857,2013,7,28,6,1
210,2013-07-29,31.0,77.428571,4.771428571428571,997.142857,2013,7,29,0,0
211,2013-07-30,30.5,75.666667,8.016666666666667,996.5,2013,7,30,1,0
212,2013-07-31,28.833333,78.5,9.866666666666664,996.666667,2013,7,31,2,0
213,2013-08-01,30.0,73.5,5.550000000000001,998.0,2013,8,1,3,0
214,2013-08-02,31.571429,66.428571,11.114285714285716,999.428571,2013,8,2,4,0
215,2013-08-03,32.5,62.333333,10.816666666666665,1000.833333,2013,8,3,5,1
216,2013-08-04,32.5,62.5,5.1,993.25,2013,8,4,6,1
217,2013-08-05,29.5,77.0,6.783333333333334,1001.0,2013,8,5,0,0
218,2013-08-06,27.166667,90.666667,4.016666666666667,1002.166667,2013,8,6,1,0
219,2013-08-07,28.375,85.25,3.25,1001.875,2013,8,7,2,0
220,2013-08-08,28.5,84.0,6.166666666666667,1000.5,2013,8,8,3,0
221,2013-08-09,27.166667,87.5,3.716666666666667,1001.0,2013,8,9,4,0
222,2013-08-10,29.428571,79.857143,6.1000000000000005,1000.333333,2013,8,10,5,1
223,2013-08-11,30.0,76.833333,6.800000000000001,1001.166667,2013,8,11,6,1
224,2013-08-12,29.5,81.5,8.350000000000001,1001.0,2013,8,12,0,0
225,2013-08-13,30.75,72.0,11.125,999.25,2013,8,13,1,0
226,2013-08-14,29.666667,74.333333,9.866666666666667,999.833333,2013,8,14,2,0
227,2013-08-15,27.714286,85.0,8.2,1001.714286,2013,8,15,3,0
228,2013-08-16,26.6,92.0,4.46,1000.8,2013,8,16,4,0
229,2013-08-17,27.428571,91.0,14.285714285714286,999.428571,2013,8,17,5,1
230,2013-08-18,28.333333,83.833333,1.2333333333333334,1000.166667,2013,8,18,6,1
231,2013-08-19,28.166667,84.666667,5.550000000000001,1000.5,2013,8,19,0,0
232,2013-08-20,27.375,88.5,5.325,999.0,2013,8,20,1,0
233,2013-08-21,28.333333,81.166667,10.314285714285717,999.285714,2013,8,21,2,0
234,2013-08-22,29.166667,74.833333,6.483333333333334,1001.166667,2013,8,22,3,0
235,2013-08-23,31.285714,73.142857,2.642857142857143,1001.428571,2013,8,23,4,0
236,2013-08-24,32.0,71.25,6.221666666666667,1000.333333,2013,8,24,5,1
237,2013-08-25,29.0,90.75,0.925,998.75,2013,8,25,6,1
238,2013-08-26,32.0,69.875,6.475,997.857143,2013,8,26,0,0
239,2013-08-27,32.142857,57.285714,17.071428571428573,999.857143,2013,8,27,1,0
240,2013-08-28,30.142857,60.714286,11.642857142857142,1003.714286,2013,8,28,2,0
241,2013-08-29,31.5,57.0,9.275,1003.25,2013,8,29,3,0
242,2013-08-30,29.166667,73.0,3.1,1003.5,2013,8,30,4,0
243,2013-08-31,29.0,71.75,4.65,1003.25,2013,8,31,5,1
244,2013-09-01,30.0,65.2,11.48,1003.2,2013,9,1,6,1
245,2013-09-02,31.857143,50.857143,15.342857142857142,1003.714286,2013,9,2,0,0
246,2013-09-03,32.75,45.5,14.8,1001.5,2013,9,3,1,0
247,2013-09-04,31.714286,48.0,14.54285714285714,1002.166667,2013,9,4,2,0
248,2013-09-05,31.666667,46.0,13.566666666666668,1001.5,2013,9,5,3,0
249,2013-09-06,30.571429,55.714286,10.042857142857144,1003.428571,2013,9,6,4,0
250,2013-09-07,30.833333,51.833333,6.783333333333334,1004.166667,2013,9,7,5,1
251,2013-09-08,28.0,71.75,2.325,1007.25,2013,9,8,6,1
252,2013-09-09,31.0,57.5,6.221666666666667,1007.0,2013,9,9,0,0
253,2013-09-10,29.666667,66.333333,3.7,1005.333333,2013,9,10,1,0
254,2013-09-11,30.857143,61.142857,3.971428571428571,1005.571429,2013,9,11,2,0
255,2013-09-12,31.166667,60.333333,2.7833333333333337,1008.166667,2013,9,12,3,0
256,2013-09-13,31.142857,67.142857,3.171428571428572,1007.142857,2013,9,13,4,0
257,2013-09-14,30.5,67.0,2.7833333333333337,1003.833333,2013,9,14,5,1
258,2013-09-15,31.625,56.375,3.9375,1001.375,2013,9,15,6,1
259,2013-09-16,29.666667,60.0,7.100000000000001,1002.333333,2013,9,16,0,0
260,2013-09-17,29.25,56.5,3.475,1002.875,2013,9,17,1,0
261,2013-09-18,29.142857,58.571429,5.557142857142858,1003.142857,2013,9,18,2,0
262,2013-09-19,29.8,61.6,2.96,1001.8,2013,9,19,3,0
263,2013-09-20,28.666667,70.0,9.583333333333334,1003.0,2013,9,20,4,0
264,2013-09-21,25.2,89.0,5.18,1003.0,2013,9,21,5,1
265,2013-09-22,28.333333,79.666667,3.083333333333333,1001.666667,2013,9,22,6,1
266,2013-09-23,30.285714,68.0,4.5,1001.0,2013,9,23,0,0
267,2013-09-24,30.75,65.75,5.7875000000000005,1002.75,2013,9,24,1,0
268,2013-09-25,28.571429,75.0,6.614285714285715,1005.428571,2013,9,25,2,0
269,2013-09-26,28.2,78.8,4.08,1006.6,2013,9,26,3,0
270,2013-09-27,29.0,71.25,7.4125,1005.625,2013,9,27,4,0
271,2013-09-28,30.0,67.333333,1.2333333333333334,1005.333333,2013,9,28,5,1
272,2013-09-29,28.142857,79.857143,5.557142857142858,1003.857143,2013,9,29,6,1
273,2013-09-30,26.857143,84.571429,4.228571428571429,1004.714286,2013,9,30,0,0
274,2013-10-01,28.285714,68.714286,6.371428571428571,1007.714286,2013,10,1,1,0
275,2013-10-02,29.2,61.4,7.42,1010.0,2013,10,2,2,0
276,2013-10-03,28.6,59.0,7.4,1008.6,2013,10,3,3,0
277,2013-10-04,24.833333,84.333333,6.783333333333334,1007.5,2013,10,4,4,0
278,2013-10-05,28.5,69.0,2.0875,1004.125,2013,10,5,5,1
279,2013-10-06,29.75,66.5,1.85,1005.25,2013,10,6,6,1
280,2013-10-07,29.714286,66.571429,1.585714285714286,1008.857143,2013,10,7,0,0
281,2013-10-08,29.2,69.4,0.0,1009.8,2013,10,8,1,0
282,2013-10-09,30.833333,65.5,5.566666666666667,1010.333333,2013,10,9,2,0
283,2013-10-10,29.428571,66.285714,3.971428571428572,1010.857143,2013,10,10,3,0
284,2013-10-11,23.857143,89.857143,4.242857142857143,1010.571429,2013,10,11,4,0
285,2013-10-12,26.142857,82.571429,2.914285714285714,1008.285714,2013,10,12,5,1
286,2013-10-13,27.166667,84.333333,0.6166666666666667,1007.666667,2013,10,13,6,1
287,2013-10-14,27.714286,74.857143,5.557142857142858,1007.0,2013,10,14,0,0
288,2013-10-15,25.857143,76.428571,3.7,1009.142857,2013,10,15,1,0
289,2013-10-16,26.428571,75.0,0.0,1009.0,2013,10,16,2,0
290,2013-10-17,26.857143,76.714286,1.0571428571428572,1010.428571,2013,10,17,3,0
291,2013-10-18,26.333333,73.166667,0.0,1010.5,2013,10,18,4,0
292,2013-10-19,24.571429,69.571429,2.1142857142857143,1011.571429,2013,10,19,5,1
293,2013-10-20,24.333333,67.833333,1.55,1010.666667,2013,10,20,6,1
294,2013-10-21,24.875,63.625,1.3875000000000002,1009.875,2013,10,21,0,0
295,2013-10-22,27.8,53.6,0.0,1011.0,2013,10,22,1,0
296,2013-10-23,25.0,67.5,1.1625,1013.625,2013,10,23,2,0
297,2013-10-24,23.857143,73.142857,1.0571428571428572,1013.285714,2013,10,24,3,0
298,2013-10-25,22.8,75.8,1.86,1011.0,2013,10,25,4,0
299,2013-10-26,23.0,78.2,0.74,1011.2,2013,10,26,5,1
300,2013-10-27,22.875,66.875,2.5500000000000003,1010.625,2013,10,27,6,1
301,2013-10-28,22.666667,63.166667,4.933333333333334,1010.0,2013,10,28,0,0
302,2013-10-29,23.0,62.714286,3.971428571428571,1011.142857,2013,10,29,1,0
303,2013-10-30,22.857143,67.428571,2.385714285714286,1012.857143,2013,10,30,2,0
304,2013-10-31,23.666667,58.833333,3.083333333333333,1012.833333,2013,10,31,3,0
305,2013-11-01,23.428571,69.142857,1.0571428571428572,1013.285714,2013,11,1,4,0
306,2013-11-02,21.625,65.0,4.6375,1014.5,2013,11,2,5,1
307,2013-11-03,20.625,57.875,5.5625,1016.0,2013,11,3,6,1
308,2013-11-04,21.166667,54.166667,2.466666666666667,1017.5,2013,11,4,0,0
309,2013-11-05,18.833333,74.333333,0.0,1017.5,2013,11,5,1,0
310,2013-11-06,20.571429,66.714286,3.185714285714285,1015.857143,2013,11,6,2,0
311,2013-11-07,20.142857,73.142857,4.500000000000001,1015.666667,2013,11,7,3,0
312,2013-11-08,18.0,82.2,6.221666666666667,1015.625,2013,11,8,4,0
313,2013-11-09,19.857143,73.571429,0.5285714285714286,1016.714286,2013,11,9,5,1
314,2013-11-10,16.833333,72.0,2.466666666666667,1016.0,2013,11,10,6,1
315,2013-11-11,18.857143,61.857143,5.814285714285715,1013.428571,2013,11,11,0,0
316,2013-11-12,16.571429,71.714286,0.7999999999999999,1013.857143,2013,11,12,1,0
317,2013-11-13,17.75,65.0,3.0125,1014.25,2013,11,13,2,0
318,2013-11-14,17.625,63.375,3.475,1015.25,2013,11,14,3,0
319,2013-11-15,17.0,67.0,0.925,1016.5,2013,11,15,4,0
320,2013-11-16,16.625,69.625,0.0,1018.0,2013,11,16,5,1
321,2013-11-17,15.571429,67.428571,2.3857142857142857,1017.714286,2013,11,17,6,1
322,2013-11-18,18.5,55.125,7.412500000000001,1016.875,2013,11,18,0,0
323,2013-11-19,17.875,63.5,7.175,1015.5,2013,11,19,1,0
324,2013-11-20,18.25,58.875,2.55,1012.75,2013,11,20,2,0
325,2013-11-21,17.875,66.25,2.0875,1013.125,2013,11,21,3,0
326,2013-11-22,17.625,74.875,1.1625,1015.75,2013,11,22,4,0
327,2013-11-23,18.142857,77.857143,0.7999999999999999,1014.571429,2013,11,23,5,1
328,2013-11-24,19.125,58.875,5.0875,1014.5,2013,11,24,6,1
329,2013-11-25,21.25,49.875,9.5,1012.875,2013,11,25,0,0
330,2013-11-26,21.25,51.375,9.75,1011.75,2013,11,26,1,0
331,2013-11-27,19.125,68.5,2.7875,1014.75,2013,11,27,2,0
332,2013-11-28,18.625,71.875,1.85,1017.75,2013,11,28,3,0
333,2013-11-29,17.75,66.625,4.8625,1016.875,2013,11,29,4,0
334,2013-11-30,17.875,69.625,11.8125,1015.875,2013,11,30,5,1
335,2013-12-01,18.0,65.0,1.585714285714286,1016.142857,2013,12,1,6,1
336,2013-12-02,17.25,73.25,1.85,1015.875,2013,12,2,0,0
337,2013-12-03,17.5,73.5,1.3875,1016.75,2013,12,3,1,0
338,2013-12-04,17.142857,71.857143,4.228571428571429,1017.0,2013,12,4,2,0
339,2013-12-05,17.142857,69.0,6.885714285714286,1015.285714,2013,12,5,3,0
340,2013-12-06,16.125,72.375,3.7125,1014.0,2013,12,6,4,0
341,2013-12-07,16.0,80.5,1.1625,1014.25,2013,12,7,5,1
342,2013-12-08,16.5,83.625,0.0,1014.0,2013,12,8,6,1
343,2013-12-09,16.125,79.25,2.3125,1013.5,2013,12,9,0,0
344,2013-12-10,15.5,81.75,2.55,1013.75,2013,12,10,1,0
345,2013-12-11,16.625,71.875,6.475000000000001,1014.125,2013,12,11,2,0
346,2013-12-12,17.75,62.375,16.9,1012.5,2013,12,12,3,0
347,2013-12-13,17.142857,67.714286,11.62857142857143,1012.0,2013,12,13,4,0
348,2013-12-14,16.142857,79.0,0.7999999999999999,1012.571429,2013,12,14,5,1
349,2013-12-15,15.5,86.25,2.55,1015.125,2013,12,15,6,1
350,2013-12-16,15.25,89.5,1.1625,1015.625,2013,12,16,0,0
351,2013-12-17,14.75,92.875,0.925,1014.25,2013,12,17,1,0
352,2013-12-18,14.875,93.0,2.0875,1012.625,2013,12,18,2,0
353,2013-12-19,16.125,89.125,3.25,1012.875,2013,12,19,3,0
354,2013-12-20,15.375,91.375,4.4125000000000005,1016.0,2013,12,20,4,0
355,2013-12-21,14.75,94.0,0.4625,1017.0,2013,12,21,5,1
356,2013-12-22,15.25,94.0,1.3875000000000002,1018.375,2013,12,22,6,1
357,2013-12-23,14.25,88.25,9.025,1020.5,2013,12,23,0,0
358,2013-12-24,13.5,84.75,5.7875000000000005,1021.375,2013,12,24,1,0
359,2013-12-25,13.666667,63.166667,6.221666666666667,1020.625,2013,12,25,2,0
360,2013-12-26,12.125,67.625,4.4,1019.25,2013,12,26,3,0
361,2013-12-27,11.875,79.875,1.1625,1018.625,2013,12,27,4,0
362,2013-12-28,10.875,70.0,5.325,1019.25,2013,12,28,5,1
363,2013-12-29,10.571429,69.428571,5.325,1018.5,2013,12,29,6,1
364,2013-12-30,12.375,79.5,6.4750000000000005,1018.125,2013,12,30,0,0
365,2013-12-31,14.5,89.375,4.862500000000001,1020.5,2013,12,31,1,0
366,2014-01-01,13.375,89.625,7.65,1021.0,2014,1,1,2,0
367,2014-01-02,11.0,78.375,8.1,1020.25,2014,1,2,3,0
368,2014-01-03,12.5,74.875,5.325,1017.75,2014,1,3,4,0
369,2014-01-04,12.875,88.125,1.1625,1016.25,2014,1,4,5,1
370,2014-01-05,12.375,89.0,0.4625,1014.5,2014,1,5,6,1
371,2014-01-06,11.428571,86.285714,6.221666666666667,1017.625,2014,1,6,0,0
372,2014-01-07,12.142857,72.285714,6.221666666666667,1017.75,2014,1,7,1,0
373,2014-01-08,11.875,76.875,1.85,1017.875,2014,1,8,2,0
374,2014-01-09,12.833333,83.0,1.2333333333333334,1017.0,2014,1,9,3,0
375,2014-01-10,12.375,85.375,0.0,1016.625,2014,1,10,4,0
376,2014-01-11,12.125,82.625,6.7250000000000005,1019.625,2014,1,11,5,1
377,2014-01-12,12.875,80.875,3.2500000000000004,1020.75,2014,1,12,6,1
378,2014-01-13,14.0,72.375,1.1625,1019.375,2014,1,13,0,0
379,2014-01-14,14.875,76.75,2.7875,1017.0,2014,1,14,1,0
380,2014-01-15,12.0,93.5,0.4625,1019.75,2014,1,15,2,0
381,2014-01-16,12.285714,90.571429,1.585714285714286,1019.571429,2014,1,16,3,0
382,2014-01-17,12.0,95.75,1.1625,1017.625,2014,1,17,4,0
383,2014-01-18,12.5,94.25,1.85,1020.25,2014,1,18,5,1
384,2014-01-19,14.5,84.5,3.475,1023.0,2014,1,19,6,1
385,2014-01-20,14.625,83.5,4.4125000000000005,1021.375,2014,1,20,0,0
386,2014-01-21,13.571429,96.857143,7.171428571428572,1020.571429,2014,1,21,1,0
387,2014-01-22,15.25,96.125,6.7125,1019.875,2014,1,22,2,0
388,2014-01-23,15.625,90.125,6.7125,1020.25,2014,1,23,3,0
389,2014-01-24,13.875,88.875,8.1125,1019.25,2014,1,24,4,0
390,2014-01-25,11.75,95.625,8.3375,1019.75,2014,1,25,5,1
391,2014-01-26,14.375,85.75,8.8125,1019.125,2014,1,26,6,1
392,2014-01-27,16.625,72.375,9.95,1018.75,2014,1,27,0,0
393,2014-01-28,16.625,69.875,7.4125,1016.75,2014,1,28,1,0
394,2014-01-29,14.875,81.875,4.625000000000001,1018.625,2014,1,29,2,0
395,2014-01-30,14.5,83.25,0.925,1019.375,2014,1,30,3,0
396,2014-01-31,14.75,82.5,3.0125,1019.25,2014,1,31,4,0
397,2014-02-01,14.0,79.375,2.55,1019.75,2014,2,1,5,1
398,2014-02-02,15.25,76.125,1.85,1016.875,2014,2,2,6,1
399,2014-02-03,18.428571,63.857143,12.2875,1014.125,2014,2,3,0,0
400,2014-02-04,18.857143,65.428571,13.425,1011.0,2014,2,4,1,0
401,2014-02-05,17.0,72.75,1.625,1011.5,2014,2,5,2,0
402,2014-02-06,18.5,65.375,6.012500000000001,1010.875,2014,2,6,3,0
403,2014-02-07,19.625,67.25,15.05,1009.25,2014,2,7,4,0
404,2014-02-08,13.625,85.375,8.1125,1011.375,2014,2,8,5,1
405,2014-02-09,12.875,63.375,9.2625,1012.0,2014,2,9,6,1
406,2014-02-10,12.625,61.75,3.7,1012.5,2014,2,10,0,0
407,2014-02-11,13.375,64.625,3.7,1013.5,2014,2,11,1,0
408,2014-02-12,13.25,67.0,9.2625,1013.5,2014,2,12,2,0
409,2014-02-13,15.25,64.5,4.875,1013.625,2014,2,13,3,0
410,2014-02-14,13.0,95.5,5.3375,1011.875,2014,2,14,4,0
411,2014-02-15,12.375,89.5,3.9375,1012.875,2014,2,15,5,1
412,2014-02-16,13.5,79.0,8.7875,1016.0,2014,2,16,6,1
413,2014-02-17,15.125,66.125,12.725,1017.75,2014,2,17,0,0
414,2014-02-18,15.25,60.125,8.799999999999999,1017.375,2014,2,18,1,0
415,2014-02-19,15.125,75.375,1.85,1016.625,2014,2,19,2,0
416,2014-02-20,16.125,78.625,1.8625,1014.75,2014,2,20,3,0
417,2014-02-21,17.125,72.25,8.7875,1014.25,2014,2,21,4,0
418,2014-02-22,16.625,85.625,6.250000000000001,1017.375,2014,2,22,5,1
419,2014-02-23,16.5,80.0,7.887500000000001,1019.375,2014,2,23,6,1
420,2014-02-24,16.375,69.375,5.3375,1018.625,2014,2,24,0,0
421,2014-02-25,18.125,69.0,0.925,1017.25,2014,2,25,1,0
422,2014-02-26,18.75,71.125,2.0875,1014.25,2014,2,26,2,0
423,2014-02-27,18.625,76.625,7.175000000000001,1013.125,2014,2,27,3,0
424,2014-02-28,15.625,88.375,5.799999999999999,1013.125,2014,2,28,4,0
425,2014-03-01,16.142857,87.285714,4.242857142857143,1015.285714,2014,3,1,5,1
426,2014-03-02,16.125,79.0,5.7875000000000005,1017.125,2014,3,2,6,1
427,2014-03-03,17.875,65.625,3.7,1016.25,2014,3,3,0,0
428,2014-03-04,18.75,66.375,3.7125,1016.5,2014,3,4,1,0
429,2014-03-05,18.875,67.0,5.325000000000001,1016.125,2014,3,5,2,0
430,2014-03-06,18.375,64.0,4.6375,1016.375,2014,3,6,3,0
431,2014-03-07,18.5,62.875,6.7125,1017.125,2014,3,7,4,0
432,2014-03-08,19.875,63.875,9.9625,1017.0,2014,3,8,5,1
433,2014-03-09,22.0,56.625,7.65,1014.5,2014,3,9,6,1
434,2014-03-10,20.0,63.875,10.8875,1014.375,2014,3,10,0,0
435,2014-03-11,20.714286,70.0,15.6,1013.714286,2014,3,11,1,0
436,2014-03-12,20.0,68.875,6.4875,1016.25,2014,3,12,2,0
437,2014-03-13,19.0,60.625,9.95,1016.25,2014,3,13,3,0
438,2014-03-14,19.625,61.25,5.800000000000001,1015.0,2014,3,14,4,0
439,2014-03-15,21.625,62.625,2.7875,1016.375,2014,3,15,5,1
440,2014-03-16,23.125,58.5,6.25,1015.375,2014,3,16,6,1
441,2014-03-17,26.25,52.125,6.7125,1011.25,2014,3,17,0,0
442,2014-03-18,24.857143,53.428571,9.8,1012.857143,2014,3,18,1,0
443,2014-03-19,21.75,57.375,10.1875,1013.25,2014,3,19,2,0
444,2014-03-20,21.5,55.0,7.4,1010.75,2014,3,20,3,0
445,2014-03-21,22.5,64.75,5.3375,1007.125,2014,3,21,4,0
446,2014-03-22,25.0,59.5,3.0125,1007.0,2014,3,22,5,1
447,2014-03-23,22.75,61.875,9.025,1010.625,2014,3,23,6,1
448,2014-03-24,22.375,73.125,9.4875,1011.625,2014,3,24,0,0
449,2014-03-25,24.625,60.25,2.775,1010.5,2014,3,25,1,0
450,2014-03-26,25.125,58.875,2.7750000000000004,1010.625,2014,3,26,2,0
451,2014-03-27,23.5,63.25,4.8875,1011.75,2014,3,27,3,0
452,2014-03-28,24.428571,67.571429,4.5,1011.142857,2014,3,28,4,0
453,2014-03-29,25.875,55.625,8.35,1011.25,2014,3,29,5,1
454,2014-03-30,24.125,46.75,13.9,1009.875,2014,3,30,6,1
455,2014-03-31,24.125,44.125,13.2,1008.25,2014,3,31,0,0
456,2014-04-01,24.875,45.75,9.7125,1006.125,2014,4,1,1,0
457,2014-04-02,26.75,43.375,7.175,1005.75,2014,4,2,2,0
458,2014-04-03,25.0,48.0,10.425,1010.375,2014,4,3,3,0
459,2014-04-04,25.857143,47.857143,11.914285714285716,1009.857143,2014,4,4,4,0
460,2014-04-05,27.375,44.0,9.2625,1008.875,2014,4,5,5,1
461,2014-04-06,30.125,45.25,6.7125,1007.5,2014,4,6,6,1
462,2014-04-07,27.25,47.625,12.9625,1009.625,2014,4,7,0,0
463,2014-04-08,25.75,41.875,12.725,1010.375,2014,4,8,1,0
464,2014-04-09,25.75,35.25,12.7375,1010.25,2014,4,9,2,0
465,2014-04-10,26.375,29.25,12.500000000000002,1010.875,2014,4,10,3,0
466,2014-04-11,28.142857,29.0,10.05714285714286,1008.571429,2014,4,11,4,0
467,2014-04-12,29.125,39.875,5.1000000000000005,1007.125,2014,4,12,5,1
468,2014-04-13,26.875,40.375,15.5125,1009.625,2014,4,13,6,1
469,2014-04-14,27.625,46.625,5.3500000000000005,1010.625,2014,4,14,0,0
470,2014-04-15,29.0,48.125,2.55,1009.125,2014,4,15,1,0
471,2014-04-16,27.125,53.625,4.4,1008.25,2014,4,16,2,0
472,2014-04-17,26.375,49.625,9.25,1007.0,2014,4,17,3,0
473,2014-04-18,24.25,64.375,14.3375,1011.625,2014,4,18,4,0
474,2014-04-19,25.625,57.875,5.1,1011.375,2014,4,19,5,1
475,2014-04-20,27.0,48.0,4.6375,1010.5,2014,4,20,6,1
476,2014-04-21,28.0,33.125,8.8125,1010.0,2014,4,21,0,0
477,2014-04-22,29.375,29.375,12.5,1011.75,2014,4,22,1,0
478,2014-04-23,29.125,37.0,6.025,1009.0,2014,4,23,2,0
479,2014-04-24,29.375,35.875,7.875,1005.875,2014,4,24,3,0
480,2014-04-25,30.625,34.375,8.1125,1006.125,2014,4,25,4,0
481,2014-04-26,31.5,32.0,8.1125,1006.375,2014,4,26,5,1
482,2014-04-27,30.625,30.0,8.350000000000001,1007.125,2014,4,27,6,1
483,2014-04-28,31.5,27.875,10.1875,1005.625,2014,4,28,0,0
484,2014-04-29,32.125,28.875,8.325,1003.875,2014,4,29,1,0
485,2014-04-30,33.25,25.5,5.3375,1003.75,2014,4,30,2,0
486,2014-05-01,34.875,22.5,9.7375,1001.5,2014,5,1,3,0
487,2014-05-02,34.375,24.75,6.4875,1001.875,2014,5,2,4,0
488,2014-05-03,31.75,33.375,6.475,1003.625,2014,5,3,5,1
489,2014-05-04,31.875,34.375,5.8,1003.0,2014,5,4,6,1
490,2014-05-05,29.75,53.25,9.0375,1005.75,2014,5,5,0,0
491,2014-05-06,29.571429,51.142857,6.885714285714287,1006.857143,2014,5,6,1,0
492,2014-05-07,31.75,48.625,1.85,1004.25,2014,5,7,2,0
493,2014-05-08,31.375,43.0,10.6625,1002.625,2014,5,8,3,0
494,2014-05-09,30.5,39.625,6.487500000000001,1000.428571,2014,5,9,4,0
495,2014-05-10,30.0,37.625,7.8875,1000.75,2014,5,10,5,1
496,2014-05-11,29.625,40.375,7.65,1004.0,2014,5,11,6,1
497,2014-05-12,28.0,53.375,10.8875,1004.875,2014,5,12,0,0
498,2014-05-13,25.25,65.75,9.9625,1008.375,2014,5,13,1,0
499,2014-05-14,26.875,55.25,8.575000000000001,1006.5,2014,5,14,2,0
500,2014-05-15,29.5,39.875,11.125,1004.25,2014,5,15,3,0
501,2014-05-16,31.125,40.25,9.4875,1003.5,2014,5,16,4,0
502,2014-05-17,29.875,47.625,7.175000000000001,1007.0,2014,5,17,5,1
503,2014-05-18,31.5,35.375,13.9,1007.375,2014,5,18,6,1
504,2014-05-19,32.375,29.5,11.575000000000005,1006.625,2014,5,19,0,0
505,2014-05-20,31.125,34.0,7.6375,1006.625,2014,5,20,1,0
506,2014-05-21,33.0,32.5,9.7125,1002.125,2014,5,21,2,0
507,2014-05-22,33.25,33.375,11.1125,999.5,2014,5,22,3,0
508,2014-05-23,34.625,32.75,6.221666666666667,1000.0,2014,5,23,4,0
509,2014-05-24,31.5,50.5,6.725,1004.125,2014,5,24,5,1
510,2014-05-25,31.5,43.25,16.4375,1005.5,2014,5,25,6,1
511,2014-05-26,30.125,54.125,4.175,1007.125,2014,5,26,0,0
512,2014-05-27,31.875,49.75,2.55,1004.75,2014,5,27,1,0
513,2014-05-28,33.625,44.5,3.95,1001.25,2014,5,28,2,0
514,2014-05-29,35.25,40.125,4.4,999.375,2014,5,29,3,0
515,2014-05-30,33.125,44.5,11.5875,999.571429,2014,5,30,4,0
516,2014-05-31,34.625,39.0,6.4875,999.625,2014,5,31,5,1
517,2014-06-01,32.75,34.25,16.2,1003.25,2014,6,1,6,1
518,2014-06-02,32.75,41.375,4.6375,1003.25,2014,6,2,0,0
519,2014-06-03,34.875,33.625,6.487500000000001,1000.0,2014,6,3,1,0
520,2014-06-04,35.25,33.125,7.1875,998.125,2014,6,4,2,0
521,2014-06-05,36.875,26.875,8.5625,996.125,2014,6,5,3,0
522,2014-06-06,37.5,27.625,10.2,994.875,2014,6,6,4,0
523,2014-06-07,38.5,22.75,13.1875,994.0,2014,6,7,5,1
524,2014-06-08,37.625,26.25,6.7250000000000005,993.125,2014,6,8,6,1
525,2014-06-09,37.875,32.125,6.025,993.125,2014,6,9,0,0
526,2014-06-10,37.25,20.875,12.0375,994.75,2014,6,10,1,0
527,2014-06-11,37.625,23.125,14.8125,995.625,2014,6,11,2,0
528,2014-06-12,32.875,39.25,6.221666666666667,997.0,2014,6,12,3,0
529,2014-06-13,30.25,55.125,16.6625,997.625,2014,6,13,4,0
530,2014-06-14,30.5,66.875,6.487500000000001,997.375,2014,6,14,5,1
531,2014-06-15,33.875,52.0,8.1,997.125,2014,6,15,6,1
532,2014-06-16,36.375,41.375,10.8875,995.625,2014,6,16,0,0
533,2014-06-17,36.875,42.125,15.9625,994.125,2014,6,17,1,0
534,2014-06-18,33.875,58.0,10.425,994.25,2014,6,18,2,0
535,2014-06-19,35.75,47.875,10.8875,993.25,2014,6,19,3,0
536,2014-06-20,38.0,36.125,17.825,991.375,2014,6,20,4,0
537,2014-06-21,36.875,40.125,9.7375,993.875,2014,6,21,5,1
538,2014-06-22,34.5,46.75,4.4,996.375,2014,6,22,6,1
539,2014-06-23,32.125,49.75,6.7125,996.25,2014,6,23,0,0
540,2014-06-24,33.0,46.25,10.1875,995.5,2014,6,24,1,0
541,2014-06-25,32.25,53.25,13.2,997.625,2014,6,25,2,0
542,2014-06-26,32.5,60.375,3.2375,1001.0,2014,6,26,3,0
543,2014-06-27,34.75,48.5,9.4875,1001.625,2014,6,27,4,0
544,2014-06-28,34.875,49.0,5.7875,999.375,2014,6,28,5,1
545,2014-06-29,33.0,57.75,9.7125,997.75,2014,6,29,6,1
546,2014-06-30,32.0,67.75,3.25,997.5,2014,6,30,0,0
547,2014-07-01,31.375,65.125,6.25,1000.875,2014,7,1,1,0
548,2014-07-02,29.5,71.375,5.787500000000001,1001.125,2014,7,2,2,0
549,2014-07-03,28.875,75.125,5.0875,998.285714,2014,7,3,3,0
550,2014-07-04,31.388889,69.0,4.333333333333333,998.777778,2014,7,4,4,0
551,2014-07-05,34.705882,52.058824,9.202941176470588,1000.705882,2014,7,5,5,1
552,2014-07-06,30.625,61.125,3.7125,1000.5,2014,7,6,6,1
553,2014-07-07,34.0,48.75,5.5625,998.25,2014,7,7,0,0
554,2014-07-08,35.0,39.5,9.725,996.875,2014,7,8,1,0
555,2014-07-09,36.0,37.125,13.65,996.5,2014,7,9,2,0
556,2014-07-10,36.125,38.75,11.3375,996.875,2014,7,10,3,0
557,2014-07-11,36.625,38.625,8.7875,996.125,2014,7,11,4,0
558,2014-07-12,35.875,51.375,5.3375,996.0,2014,7,12,5,1
559,2014-07-13,31.625,69.75,6.025,998.0,2014,7,13,6,1
560,2014-07-14,32.375,67.875,6.725,997.125,2014,7,14,0,0
561,2014-07-15,33.125,62.625,8.825000000000001,996.0,2014,7,15,1,0
562,2014-07-16,32.625,63.0,10.45,997.25,2014,7,16,2,0
563,2014-07-17,30.75,74.25,6.7250000000000005,996.125,2014,7,17,3,0
564,2014-07-18,27.25,83.875,2.55,994.875,2014,7,18,4,0
565,2014-07-19,29.875,71.0,6.25,995.125,2014,7,19,5,1
566,2014-07-20,30.875,68.875,6.262499999999999,996.75,2014,7,20,6,1
567,2014-07-21,32.125,65.5,4.65,996.0,2014,7,21,0,0
568,2014-07-22,31.625,69.75,7.175,997.0,2014,7,22,1,0
569,2014-07-23,30.625,72.875,8.1125,997.75,2014,7,23,2,0
570,2014-07-24,30.5,63.625,12.0375,998.714286,2014,7,24,3,0
571,2014-07-25,30.75,63.25,9.9625,1000.75,2014,7,25,4,0
572,2014-07-26,32.5,61.5,7.175,1001.875,2014,7,26,5,1
573,2014-07-27,31.714286,65.428571,6.25,1001.875,2014,7,27,6,1
574,2014-07-28,30.0,75.75,6.221666666666667,999.375,2014,7,28,0,0
575,2014-07-29,30.25,69.875,5.7875000000000005,999.25,2014,7,29,1,0
576,2014-07-30,31.875,65.75,4.175000000000001,999.571429,2014,7,30,2,0
577,2014-07-31,32.5,65.75,7.425,999.625,2014,7,31,3,0
578,2014-08-01,33.25,59.5,6.500000000000001,998.0,2014,8,1,4,0
579,2014-08-02,30.125,77.75,0.925,997.125,2014,8,2,5,1
580,2014-08-03,31.5,66.25,5.7875000000000005,995.375,2014,8,3,6,1
581,2014-08-04,30.5,69.75,5.1000000000000005,996.125,2014,8,4,0,0
582,2014-08-05,29.75,77.5,1.85,997.5,2014,8,5,1,0
583,2014-08-06,32.125,65.0,5.5625,996.875,2014,8,6,2,0
584,2014-08-07,31.125,65.375,6.949999999999999,997.0,2014,8,7,3,0
585,2014-08-08,31.0,67.875,6.012500000000001,998.375,2014,8,8,4,0
586,2014-08-09,29.235294,80.470588,6.652941176470588,1001.647059,2014,8,9,5,1
587,2014-08-10,28.5,89.90625,5.2250000000000005,1002.15625,2014,8,10,6,1
588,2014-08-11,31.125,72.125,3.0125,999.875,2014,8,11,0,0
589,2014-08-12,32.125,57.5,8.3375,998.75,2014,8,12,1,0
590,2014-08-13,32.125,57.714286,6.221666666666667,998.25,2014,8,13,2,0
591,2014-08-14,30.375,57.5,6.221666666666667,997.375,2014,8,14,3,0
592,2014-08-15,31.125,54.875,14.5875,998.875,2014,8,15,4,0
593,2014-08-16,30.428571,59.857143,8.35,1002.5,2014,8,16,5,1
594,2014-08-17,31.375,53.875,7.1875,1003.25,2014,8,17,6,1
595,2014-08-18,31.875,56.625,5.5625,1005.375,2014,8,18,0,0
596,2014-08-19,33.0,52.428571,6.885714285714286,1004.857143,2014,8,19,1,0
597,2014-08-20,33.25,47.125,8.7875,1002.375,2014,8,20,2,0
598,2014-08-21,32.5,43.0,10.8875,1001.25,2014,8,21,3,0
599,2014-08-22,33.0,47.125,8.5625,1002.857143,2014,8,22,4,0
600,2014-08-23,33.125,45.75,9.2625,1003.25,2014,8,23,5,1
601,2014-08-24,33.125,46.25,11.35,1002.875,2014,8,24,6,1
602,2014-08-25,33.875,46.625,7.874999999999999,1002.375,2014,8,25,0,0
603,2014-08-26,34.125,40.25,9.9625,1001.375,2014,8,26,1,0
604,2014-08-27,33.857143,44.714286,8.112499999999999,1001.125,2014,8,27,2,0
605,2014-08-28,29.625,67.75,6.7250000000000005,1003.75,2014,8,28,3,0
606,2014-08-29,30.375,69.25,3.7,1003.5,2014,8,29,4,0
607,2014-08-30,28.625,78.125,4.1625,1002.625,2014,8,30,5,1
608,2014-08-31,27.625,86.125,4.4125,1001.25,2014,8,31,6,1
609,2014-09-01,29.428571,65.857143,15.5125,1001.125,2014,9,1,0,0
610,2014-09-02,29.25,71.0,10.425,1001.875,2014,9,2,1,0
611,2014-09-03,28.625,77.875,15.0375,1001.428571,2014,9,3,2,0
612,2014-09-04,27.875,80.75,9.275,1000.375,2014,9,4,3,0
613,2014-09-05,26.5,85.75,8.337499999999999,1000.142857,2014,9,5,4,0
614,2014-09-06,28.5,76.875,2.0875,1002.375,2014,9,6,5,1
615,2014-09-07,31.0,67.625,1.4,1003.25,2014,9,7,6,1
616,2014-09-08,31.25,66.375,3.475,1003.125,2014,9,8,0,0
617,2014-09-09,31.0,70.125,1.85,1002.375,2014,9,9,1,0
618,2014-09-10,28.75,77.5,4.875,1003.25,2014,9,10,2,0
619,2014-09-11,26.571429,85.714286,17.825,1005.571429,2014,9,11,3,0
620,2014-09-12,28.5,73.0,1.625,1005.125,2014,9,12,4,0
621,2014-09-13,29.375,68.25,4.1625,1004.0,2014,9,13,5,1
622,2014-09-14,29.125,65.5,6.712500000000001,1004.25,2014,9,14,6,1
623,2014-09-15,29.625,63.125,6.7125,1004.25,2014,9,15,0,0
624,2014-09-16,30.625,65.125,6.25,1002.25,2014,9,16,1,0
625,2014-09-17,30.625,61.875,7.4,1002.125,2014,9,17,2,0
626,2014-09-18,30.5,62.375,6.7125,1003.875,2014,9,18,3,0
627,2014-09-19,31.0,56.625,4.175000000000001,1003.5,2014,9,19,4,0
628,2014-09-20,31.125,55.75,4.4,1002.875,2014,9,20,5,1
629,2014-09-21,30.5,54.875,5.5625,1003.625,2014,9,21,6,1
630,2014-09-22,30.625,50.0,13.437499999999998,1004.5,2014,9,22,0,0
631,2014-09-23,31.0,47.0,6.221666666666667,1004.285714,2014,9,23,1,0
632,2014-09-24,29.625,53.0,8.1,1006.25,2014,9,24,2,0
633,2014-09-25,30.0,52.5,9.725,1007.75,2014,9,25,3,0
634,2014-09-26,30.0,52.5,5.7875,1008.125,2014,9,26,4,0
635,2014-09-27,30.5,46.875,8.799999999999999,1009.25,2014,9,27,5,1
636,2014-09-28,30.25,48.875,7.175,1009.625,2014,9,28,6,1
637,2014-09-29,30.5,48.75,7.4125,1009.125,2014,9,29,0,0
638,2014-09-30,30.625,50.125,6.712500000000001,1009.625,2014,9,30,1,0
639,2014-10-01,30.428571,52.857143,3.1714285714285717,1010.428571,2014,10,1,2,0
640,2014-10-02,30.375,53.375,2.7875,1009.125,2014,10,2,3,0
641,2014-10-03,30.5,52.625,1.85,1008.0,2014,10,3,4,0
642,2014-10-04,31.0,53.5,0.0,1008.5,2014,10,4,5,1
643,2014-10-05,30.625,56.125,0.0,1010.375,2014,10,5,6,1
644,2014-10-06,30.625,56.75,0.0,1010.125,2014,10,6,0,0
645,2014-10-07,31.0,59.375,1.1625,1008.375,2014,10,7,1,0
646,2014-10-08,28.75,52.75,3.7125,1009.875,2014,10,8,2,0
647,2014-10-09,27.625,49.875,3.2375,1010.125,2014,10,9,3,0
648,2014-10-10,27.125,57.375,3.2375000000000003,1008.75,2014,10,10,4,0
649,2014-10-11,25.714286,57.142857,6.9375,1008.25,2014,10,11,5,1
650,2014-10-12,26.0,58.625,0.4625,1008.375,2014,10,12,6,1
651,2014-10-13,27.625,59.75,8.799999999999999,1009.875,2014,10,13,0,0
652,2014-10-14,24.5,67.625,5.325000000000001,1010.875,2014,10,14,1,0
653,2014-10-15,24.5,68.0,3.2625,1013.375,2014,10,15,2,0
654,2014-10-16,23.0,58.875,4.862500000000001,1014.0,2014,10,16,3,0
655,2014-10-17,25.0,47.666667,6.221666666666667,1013.625,2014,10,17,4,0
656,2014-10-18,24.0,56.142857,6.221666666666667,1012.875,2014,10,18,5,1
657,2014-10-19,23.75,57.75,4.1625,1012.625,2014,10,19,6,1
658,2014-10-20,24.75,55.625,4.4,1013.125,2014,10,20,0,0
659,2014-10-21,25.625,56.125,2.0875,1014.625,2014,10,21,1,0
660,2014-10-22,25.75,64.875,0.4625,1014.5,2014,10,22,2,0
661,2014-10-23,25.25,66.0,0.925,1012.75,2014,10,23,3,0
662,2014-10-24,25.5,67.5,1.85,1011.75,2014,10,24,4,0
663,2014-10-25,25.25,67.125,0.925,1012.375,2014,10,25,5,1
664,2014-10-26,25.125,65.5,2.0875000000000004,1014.875,2014,10,26,6,1
665,2014-10-27,24.875,62.875,1.8625,1013.75,2014,10,27,0,0
666,2014-10-28,25.125,64.75,2.5625,1012.0,2014,10,28,1,0
667,2014-10-29,24.75,65.75,1.625,1012.125,2014,10,29,2,0
668,2014-10-30,23.875,61.375,1.85,1014.5,2014,10,30,3,0
669,2014-10-31,23.375,58.25,3.7125,1013.625,2014,10,31,4,0
670,2014-11-01,22.5,50.875,5.325000000000001,1014.125,2014,11,1,5,1
671,2014-11-02,22.875,49.125,7.1875,1014.5,2014,11,2,6,1
672,2014-11-03,23.375,52.75,4.1625,1013.5,2014,11,3,0,0
673,2014-11-04,23.625,56.625,3.9375,1012.125,2014,11,4,1,0
674,2014-11-05,22.75,56.25,4.625,1012.375,2014,11,5,2,0
675,2014-11-06,23.0,56.25,6.25,1011.625,2014,11,6,3,0
676,2014-11-07,24.0,66.125,2.3125,1012.875,2014,11,7,4,0
677,2014-11-08,23.875,66.25,1.625,1014.625,2014,11,8,5,1
678,2014-11-09,24.125,56.375,4.1625,1015.125,2014,11,9,6,1
679,2014-11-10,21.375,52.125,3.4750000000000005,1014.0,2014,11,10,0,0
680,2014-11-11,19.25,55.125,2.325,1014.75,2014,11,11,1,0
681,2014-11-12,19.625,52.0,2.3125,1015.875,2014,11,12,2,0
682,2014-11-13,18.5,50.5,3.2375,1016.5,2014,11,13,3,0
683,2014-11-14,18.375,43.0,7.4125,1016.375,2014,11,14,4,0
684,2014-11-15,18.625,44.75,2.775,1014.875,2014,11,15,5,1
685,2014-11-16,18.25,47.625,2.55,1015.375,2014,11,16,6,1
686,2014-11-17,17.75,51.75,2.7750000000000004,1016.125,2014,11,17,0,0
687,2014-11-18,17.625,53.0,2.0875,1017.875,2014,11,18,1,0
688,2014-11-19,17.5,58.125,1.1625,1016.5,2014,11,19,2,0
689,2014-11-20,20.375,54.625,3.0250000000000004,1013.375,2014,11,20,3,0
690,2014-11-21,18.25,62.125,3.2375,1012.75,2014,11,21,4,0
691,2014-11-22,19.875,58.875,1.625,1011.375,2014,11,22,5,1
692,2014-11-23,17.125,57.375,1.3875,1014.625,2014,11,23,6,1
693,2014-11-24,16.875,52.25,4.175000000000001,1016.0,2014,11,24,0,0
694,2014-11-25,16.5,51.5,2.55,1014.875,2014,11,25,1,0
695,2014-11-26,19.625,51.0,5.550000000000001,1009.875,2014,11,26,2,0
696,2014-11-27,18.125,63.875,0.0,1011.75,2014,11,27,3,0
697,2014-11-28,19.375,67.375,0.0,1012.5,2014,11,28,4,0
698,2014-11-29,20.25,67.625,0.0,1012.375,2014,11,29,5,1
699,2014-11-30,19.75,54.75,2.55,1014.0,2014,11,30,6,1
700,2014-12-01,20.0,42.625,8.799999999999999,1013.75,2014,12,1,0,0
701,2014-12-02,21.375,47.625,7.875000000000001,1012.75,2014,12,2,1,0
702,2014-12-03,25.0,66.571429,11.37142857142857,1007.0,2014,12,3,2,0
703,2014-12-04,21.25,68.875,4.862500000000001,1010.375,2014,12,4,3,0
704,2014-12-05,17.75,59.875,2.55,1017.125,2014,12,5,4,0
705,2014-12-06,18.25,48.875,4.8625,1016.375,2014,12,6,5,1
706,2014-12-07,17.25,48.375,4.862500000000001,1014.75,2014,12,7,6,1
707,2014-12-08,17.0,49.875,2.775,1015.0,2014,12,8,0,0
708,2014-12-09,15.285714,67.571429,0.0,1016.857143,2014,12,9,1,0
709,2014-12-10,21.5,65.5,4.8625,1010.5,2014,12,10,2,0
710,2014-12-11,19.625,70.5,3.25,1011.625,2014,12,11,3,0
711,2014-12-12,17.5,65.625,0.4625,1014.375,2014,12,12,4,0
712,2014-12-13,16.0,71.875,8.8,1016.125,2014,12,13,5,1
713,2014-12-14,16.875,86.625,3.95,1014.5,2014,12,14,6,1
714,2014-12-15,16.625,75.75,2.325,1016.125,2014,12,15,0,0
715,2014-12-16,17.75,72.375,7.425000000000001,1017.375,2014,12,16,1,0
716,2014-12-17,12.875,72.125,6.4875,1020.25,2014,12,17,2,0
717,2014-12-18,11.75,79.75,3.0125,1021.375,2014,12,18,3,0
718,2014-12-19,11.75,81.75,0.4625,1022.125,2014,12,19,4,0
719,2014-12-20,11.25,77.0,5.800000000000001,1018.75,2014,12,20,5,1
720,2014-12-21,9.5,79.125,0.925,1018.0,2014,12,21,6,1
721,2014-12-22,9.375,85.0,1.3875000000000002,1017.125,2014,12,22,0,0
722,2014-12-23,9.625,78.625,1.625,1017.875,2014,12,23,1,0
723,2014-12-24,9.875,83.0,3.4750000000000005,1021.25,2014,12,24,2,0
724,2014-12-25,9.25,81.125,8.100000000000001,1020.125,2014,12,25,3,0
725,2014-12-26,10.75,77.0,7.6375,1017.75,2014,12,26,4,0
726,2014-12-27,10.375,69.0,2.775,1018.625,2014,12,27,5,1
727,2014-12-28,9.0,86.0,0.7,1019.75,2014,12,28,6,1
728,2014-12-29,11.125,72.625,1.3875,1017.25,2014,12,29,0,0
729,2014-12-30,11.625,70.625,2.55,1014.625,2014,12,30,1,0
730,2014-12-31,12.375,67.125,2.7875,1016.875,2014,12,31,2,0
731,2015-01-01,14.75,72.0,0.925,1017.5,2015,1,1,3,0
732,2015-01-02,14.875,96.625,3.0125,1017.875,2015,1,2,4,0
733,2015-01-03,15.125,92.0,0.925,1017.375,2015,1,3,5,1
734,2015-01-04,14.125,78.75,9.5125,1019.625,2015,1,4,6,1
735,2015-01-05,14.0,69.375,15.05,1016.0,2015,1,5,0,0
736,2015-01-06,12.0,79.875,4.4,1015.5,2015,1,6,1,0
737,2015-01-07,9.625,86.0,3.9375,1016.625,2015,1,7,2,0
738,2015-01-08,10.0,87.875,3.4875,1019.125,2015,1,8,3,0
739,2015-01-09,10.625,80.625,1.625,1020.125,2015,1,9,4,0
740,2015-01-10,11.125,73.125,4.4125000000000005,1018.875,2015,1,10,5,1
741,2015-01-11,11.0,80.75,4.8625,1019.125,2015,1,11,6,1
742,2015-01-12,10.625,79.5,0.925,1019.5,2015,1,12,0,0
743,2015-01-13,12.25,77.875,4.875,1017.125,2015,1,13,1,0
744,2015-01-14,12.0,82.25,5.1000000000000005,1017.5,2015,1,14,2,0
745,2015-01-15,12.375,79.125,0.925,1019.375,2015,1,15,3,0
746,2015-01-16,13.0,78.125,4.6375,1019.25,2015,1,16,4,0
747,2015-01-17,13.5,76.625,1.8625,1019.25,2015,1,17,5,1
748,2015-01-18,13.0,73.875,2.5500000000000003,1018.75,2015,1,18,6,1
749,2015-01-19,13.75,78.0,1.85,1018.875,2015,1,19,0,0
750,2015-01-20,13.375,74.375,7.1875,1020.0,2015,1,20,1,0
751,2015-01-21,13.25,73.375,3.7,1021.0,2015,1,21,2,0
752,2015-01-22,12.625,94.125,3.2375,1020.625,2015,1,22,3,0
753,2015-01-23,14.625,85.0,1.1625,1020.0,2015,1,23,4,0
754,2015-01-24,12.375,86.25,9.7375,1020.75,2015,1,24,5,1
755,2015-01-25,13.25,77.75,4.1625,1020.375,2015,1,25,6,1
756,2015-01-26,13.75,88.125,0.925,1019.875,2015,1,26,0,0
757,2015-01-27,13.25,74.25,5.3375,1019.333333,2015,1,27,1,0
758,2015-01-28,11.714286,67.0,6.221666666666667,1018.25,2015,1,28,2,0
759,2015-01-29,11.5,67.5,3.9375,1019.75,2015,1,29,3,0
760,2015-01-30,12.75,56.125,12.0375,1020.375,2015,1,30,4,0
761,2015-01-31,13.75,57.625,9.025,1017.875,2015,1,31,5,1
762,2015-02-01,15.0,65.25,5.1000000000000005,1017.75,2015,2,1,6,1
763,2015-02-02,17.375,63.875,11.8125,1017.5,2015,2,2,0,0
764,2015-02-03,16.75,71.25,7.175000000000002,1020.5,2015,2,3,1,0
765,2015-02-04,14.625,81.125,9.25,1022.0,2015,2,4,2,0
766,2015-02-05,14.625,62.875,7.399999999999999,1019.25,2015,2,5,3,0
767,2015-02-06,15.125,62.625,3.0125,1019.0,2015,2,6,4,0
768,2015-02-07,15.875,67.625,1.85,1017.0,2015,2,7,5,1
769,2015-02-08,16.625,63.875,4.4125000000000005,1017.375,2015,2,8,6,1
770,2015-02-09,16.875,63.5,5.55,1019.75,2015,2,9,0,0
771,2015-02-10,15.75,64.0,0.0,1019.75,2015,2,10,1,0
772,2015-02-11,16.0,66.625,1.85,1017.125,2015,2,11,2,0
773,2015-02-12,15.5,69.625,6.025,1016.125,2015,2,12,3,0
774,2015-02-13,17.25,59.0,6.725,1012.625,2015,2,13,4,0
775,2015-02-14,19.375,63.125,4.1625,1009.625,2015,2,14,5,1
776,2015-02-15,18.875,70.125,1.3875000000000002,1012.625,2015,2,15,6,1
777,2015-02-16,20.625,71.25,10.425,1013.625,2015,2,16,0,0
778,2015-02-17,21.142857,72.571429,5.028571428571429,1011.857143,2015,2,17,1,0
779,2015-02-18,21.25,72.875,5.1000000000000005,1011.75,2015,2,18,2,0
780,2015-02-19,22.75,73.5,7.65,1012.0,2015,2,19,3,0
781,2015-02-20,22.75,67.125,7.187500000000001,1013.875,2015,2,20,4,0
782,2015-02-21,21.875,63.5,11.3375,1014.125,2015,2,21,5,1
783,2015-02-22,22.142857,58.857143,14.812499999999998,1013.375,2015,2,22,6,1
784,2015-02-23,21.5,74.375,3.0250000000000004,1014.25,2015,2,23,0,0
785,2015-02-24,22.875,72.375,6.0375,1010.625,2015,2,24,1,0
786,2015-02-25,23.125,58.625,6.5,1008.5,2015,2,25,2,0
787,2015-02-26,20.0,34.375,6.7125,1009.875,2015,2,26,3,0
788,2015-02-27,19.25,43.125,5.800000000000001,1013.0,2015,2,27,4,0
789,2015-02-28,21.25,45.5,6.950000000000001,1013.0,2015,2,28,5,1
790,2015-03-01,17.375,92.75,14.8125,1011.125,2015,3,1,6,1
791,2015-03-02,17.5,89.875,6.725,1012.5,2015,3,2,0,0
792,2015-03-03,16.25,82.5,5.5625,1013.75,2015,3,3,1,0
793,2015-03-04,16.75,69.25,6.7125,1014.0,2015,3,4,2,0
794,2015-03-05,18.75,64.0,3.7,1015.75,2015,3,5,3,0
795,2015-03-06,20.0,62.375,5.0875,1016.375,2015,3,6,4,0
796,2015-03-07,18.375,80.375,4.175,1013.714286,2015,3,7,5,1
797,2015-03-08,19.5,74.125,7.8875,1015.375,2015,3,8,6,1
798,2015-03-09,18.125,54.25,12.2625,1021.0,2015,3,9,0,0
799,2015-03-10,17.75,68.5,8.5625,1019.125,2015,3,10,1,0
800,2015-03-11,18.25,69.875,6.025,1018.125,2015,3,11,2,0
801,2015-03-12,20.5,63.375,5.325000000000001,1017.0,2015,3,12,3,0
802,2015-03-13,21.375,65.25,4.175000000000001,1014.75,2015,3,13,4,0
803,2015-03-14,21.5,64.625,7.875,1015.125,2015,3,14,5,1
804,2015-03-15,17.625,89.125,11.575,1015.5,2015,3,15,6,1
805,2015-03-16,19.857143,81.857143,8.5625,1017.375,2015,3,16,0,0
806,2015-03-17,20.875,70.375,13.2,1015.875,2015,3,17,1,0
807,2015-03-18,20.25,69.625,12.2625,1013.5,2015,3,18,2,0
808,2015-03-19,21.125,66.0,5.3375,1014.875,2015,3,19,3,0
809,2015-03-20,22.5,65.75,9.025,1014.875,2015,3,20,4,0
810,2015-03-21,24.875,60.5,5.7875,1014.875,2015,3,21,5,1
811,2015-03-22,25.125,64.0,10.2,1012.0,2015,3,22,6,1
812,2015-03-23,24.75,65.75,7.637499999999999,1010.0,2015,3,23,0,0
813,2015-03-24,25.75,65.5,1.3875000000000002,1010.25,2015,3,24,1,0
814,2015-03-25,26.625,65.625,2.55,1011.857143,2015,3,25,2,0
815,2015-03-26,28.5,54.375,9.2625,1013.0,2015,3,26,3,0
816,2015-03-27,27.375,51.375,7.65,1012.0,2015,3,27,4,0
817,2015-03-28,27.0,53.625,3.7125,1009.625,2015,3,28,5,1
818,2015-03-29,25.0,52.75,13.1875,1008.625,2015,3,29,6,1
819,2015-03-30,23.5,66.25,14.8125,1010.375,2015,3,30,0,0
820,2015-03-31,25.25,64.875,3.7,1010.142857,2015,3,31,1,0
821,2015-04-01,26.428571,59.714286,6.7125,1007.5,2015,4,1,2,0
822,2015-04-02,28.714286,45.285714,10.175,1004.625,2015,4,2,3,0
823,2015-04-03,24.5,71.125,6.9625,1004.75,2015,4,3,4,0
824,2015-04-04,21.0,77.5,1.3875000000000002,1005.25,2015,4,4,5,1
825,2015-04-05,23.571429,67.714286,17.6,1007.75,2015,4,5,6,1
826,2015-04-06,25.0,60.125,2.775,1007.75,2015,4,6,0,0
827,2015-04-07,23.75,62.125,9.7375,1010.25,2015,4,7,1,0
828,2015-04-08,25.625,50.375,6.712500000000001,1012.0,2015,4,8,2,0
829,2015-04-09,26.0,52.875,9.0375,1010.5,2015,4,9,3,0
830,2015-04-10,27.125,52.25,6.25,1008.5,2015,4,10,4,0
831,2015-04-11,28.25,44.875,8.1,1008.375,2015,4,11,5,1
832,2015-04-12,24.375,63.0,5.325,1012.375,2015,4,12,6,1
833,2015-04-13,24.75,70.875,6.950000000000001,1013.75,2015,4,13,0,0
834,2015-04-14,26.25,62.75,3.0125,1012.75,2015,4,14,1,0
835,2015-04-15,27.625,59.25,5.7875000000000005,1012.875,2015,4,15,2,0
836,2015-04-16,25.25,58.25,8.1125,1013.875,2015,4,16,3,0
837,2015-04-17,28.125,48.75,8.3375,1007.125,2015,4,17,4,0
838,2015-04-18,30.125,44.5,5.562500000000001,1002.375,2015,4,18,5,1
839,2015-04-19,32.125,41.0,4.175,1003.875,2015,4,19,6,1
841,2015-04-21,31.75,28.5,11.1125,1005.625,2015,4,21,1,0
842,2015-04-22,30.75,30.25,11.349999999999998,1003.125,2015,4,22,2,0
843,2015-04-23,30.75,33.0,8.1,1004.0,2015,4,23,3,0
844,2015-04-24,31.125,39.5,2.5500000000000003,1004.375,2015,4,24,4,0
845,2015-04-25,30.5,43.125,12.975,1005.875,2015,4,25,5,1
846,2015-04-26,28.75,51.125,15.7375,1008.0,2015,4,26,6,1
847,2015-04-27,30.125,53.0,17.5875,1006.75,2015,4,27,0,0
848,2015-04-28,31.0,48.25,12.5125,1004.5,2015,4,28,1,0
849,2015-04-29,31.25,47.25,9.025,1005.0,2015,4,29,2,0
850,2015-04-30,32.625,44.75,15.05,1004.0,2015,4,30,3,0
851,2015-05-01,31.25,43.5,5.3375,1005.875,2015,5,1,4,0
852,2015-05-02,30.125,40.25,4.4,1006.25,2015,5,2,5,1
853,2015-05-03,31.0,39.25,3.0125,1006.625,2015,5,3,6,1
854,2015-05-04,30.875,39.25,3.9375,1006.625,2015,5,4,0,0
855,2015-05-05,32.125,31.125,7.649999999999999,1003.875,2015,5,5,1,0
856,2015-05-06,34.125,22.0,11.3625,1001.875,2015,5,6,2,0
857,2015-05-07,35.428571,62.699248499999996,15.342857142857143,1003.571429,2015,5,7,3,0
858,2015-05-08,34.125,22.375,12.275,1003.25,2015,5,8,4,0
859,2015-05-09,35.125,27.0,8.3375,1001.625,2015,5,9,5,1
860,2015-05-10,35.125,25.0,6.9625,1001.375,2015,5,10,6,1
861,2015-05-11,34.0,32.625,10.8875,1003.625,2015,5,11,0,0
862,2015-05-12,33.125,46.0,6.0375000000000005,1004.875,2015,5,12,1,0
863,2015-05-13,27.75,61.0,6.7125,1006.125,2015,5,13,2,0
864,2015-05-14,29.625,49.625,4.4125,1007.25,2015,5,14,3,0
865,2015-05-15,28.5,52.125,7.175000000000001,1006.5,2015,5,15,4,0
866,2015-05-16,30.0,51.625,4.1625,1003.25,2015,5,16,5,1
867,2015-05-17,33.25,40.375,8.35,1001.125,2015,5,17,6,1
868,2015-05-18,35.375,35.75,5.562500000000001,1000.0,2015,5,18,0,0
869,2015-05-19,31.5,44.0,14.812500000000002,1002.125,2015,5,19,1,0
870,2015-05-20,33.125,31.625,14.6,1002.0,2015,5,20,2,0
871,2015-05-21,35.625,24.625,11.3375,1000.375,2015,5,21,3,0
872,2015-05-22,36.25,19.5,12.5125,998.125,2015,5,22,4,0
873,2015-05-23,37.375,21.75,12.725,996.125,2015,5,23,5,1
874,2015-05-24,36.0,29.25,5.1000000000000005,997.375,2015,5,24,6,1
875,2015-05-25,37.75,22.25,10.875,996.875,2015,5,25,0,0
876,2015-05-26,35.25,26.625,17.125,1001.5,2015,5,26,1,0
877,2015-05-27,33.75,20.5,6.7125,1001.25,2015,5,27,2,0
878,2015-05-28,34.75,29.5,8.3375,1000.625,2015,5,28,3,0
879,2015-05-29,35.125,27.25,8.125,1001.625,2015,5,29,4,0
880,2015-05-30,32.25,38.75,12.2625,1003.875,2015,5,30,5,1
881,2015-05-31,34.25,25.0,14.5875,1001.75,2015,5,31,6,1
882,2015-06-01,29.375,41.75,12.5125,1003.25,2015,6,1,0,0
883,2015-06-02,31.625,39.25,8.575,1003.5,2015,6,2,1,0
884,2015-06-03,28.625,50.5,6.7250000000000005,1004.625,2015,6,3,2,0
885,2015-06-04,31.875,48.375,4.8625,1004.0,2015,6,4,3,0
886,2015-06-05,32.625,39.875,6.0125,1003.5,2015,6,5,4,0
887,2015-06-06,33.375,39.75,7.862500000000001,1001.375,2015,6,6,5,1
888,2015-06-07,35.0,36.25,7.175000000000001,999.25,2015,6,7,6,1
889,2015-06-08,36.5,33.0,6.25,998.875,2015,6,8,0,0
890,2015-06-09,37.625,23.875,6.221666666666667,998.875,2015,6,9,1,0
891,2015-06-10,36.625,32.285714,6.221666666666667,999.625,2015,6,10,2,0
892,2015-06-11,35.625,34.75,6.221666666666667,1000.0,2015,6,11,3,0
893,2015-06-12,35.875,34.625,12.7375,998.5,2015,6,12,4,0
894,2015-06-13,31.125,48.125,10.1875,998.857143,2015,6,13,5,1
895,2015-06-14,27.0,77.625,3.95,1000.285714,2015,6,14,6,1
896,2015-06-15,31.0,60.75,3.0125,999.571429,2015,6,15,0,0
897,2015-06-16,32.375,52.125,2.7875,999.142857,2015,6,16,1,0
898,2015-06-17,33.875,49.75,3.25,998.0,2015,6,17,2,0
899,2015-06-18,35.125,45.125,3.0125,997.625,2015,6,18,3,0
900,2015-06-19,35.875,46.75,8.575,996.25,2015,6,19,4,0
901,2015-06-20,33.125,48.5,12.975,997.875,2015,6,20,5,1
902,2015-06-21,30.375,63.625,8.1125,998.125,2015,6,21,6,1
903,2015-06-22,32.125,59.5,4.4,995.625,2015,6,22,0,0
904,2015-06-23,31.5,61.625,6.012500000000001,995.0,2015,6,23,1,0
905,2015-06-24,37.25,63.875,6.5,995.375,2015,6,24,2,0
906,2015-06-25,26.625,82.75,6.2625,994.75,2015,6,25,3,0
907,2015-06-26,31.125,54.25,11.5625,995.25,2015,6,26,4,0
908,2015-06-27,32.625,48.25,14.1125,997.125,2015,6,27,5,1
909,2015-06-28,34.25,47.5,9.0375,1000.285714,2015,6,28,6,1
910,2015-06-29,31.125,56.625,11.562500000000002,1003.625,2015,6,29,0,0
911,2015-06-30,30.875,58.625,9.9625,1002.625,2015,6,30,1,0
912,2015-07-01,32.0,53.25,4.175000000000001,1001.875,2015,7,1,2,0
913,2015-07-02,33.75,45.875,6.949999999999999,1001.125,2015,7,2,3,0
914,2015-07-03,33.0,49.0,14.35,999.625,2015,7,3,4,0
915,2015-07-04,34.125,51.5,16.900000000000002,997.5,2015,7,4,5,1
916,2015-07-05,35.714286,47.285714,14.014285714285714,995.428571,2015,7,5,6,1
917,2015-07-06,27.875,83.25,9.275,997.875,2015,7,6,0,0
918,2015-07-07,28.125,86.125,1.85,998.125,2015,7,7,1,0
919,2015-07-08,31.25,72.0,2.7750000000000004,998.625,2015,7,8,2,0
920,2015-07-09,29.625,77.25,2.55,998.625,2015,7,9,3,0
921,2015-07-10,26.625,92.125,6.025,998.75,2015,7,10,4,0
922,2015-07-11,25.5,98.0,3.2375000000000003,999.333333,2015,7,11,5,1
923,2015-07-12,25.5,94.75,7.425000000000001,998.625,2015,7,12,6,1
924,2015-07-13,29.875,73.125,4.8625,1000.625,2015,7,13,0,0
925,2015-07-14,30.875,67.875,10.875,997.857143,2015,7,14,1,0
926,2015-07-15,33.375,52.875,17.137500000000003,993.75,2015,7,15,2,0
927,2015-07-16,31.75,61.375,13.437499999999998,994.75,2015,7,16,3,0
928,2015-07-17,30.75,75.625,4.4,997.25,2015,7,17,4,0
929,2015-07-18,29.5,78.875,4.175,998.0,2015,7,18,5,1
930,2015-07-19,30.125,70.0,0.7,997.625,2015,7,19,6,1
931,2015-07-20,29.125,78.0,4.8625,999.125,2015,7,20,0,0
932,2015-07-21,31.375,69.25,8.125,1000.0,2015,7,21,1,0
933,2015-07-22,32.25,64.125,7.875000000000002,1001.125,2015,7,22,2,0
934,2015-07-23,32.125,64.875,8.575000000000001,1001.75,2015,7,23,3,0
935,2015-07-24,32.0,64.75,6.7125,1001.0,2015,7,24,4,0
936,2015-07-25,30.857143,71.0,6.221666666666667,998.571429,2015,7,25,5,1
937,2015-07-26,30.0,71.625,16.8875,998.875,2015,7,26,6,1
938,2015-07-27,29.625,69.0,11.3375,1000.285714,2015,7,27,0,0
939,2015-07-28,29.5,61.0,11.5875,1000.125,2015,7,28,1,0
940,2015-07-29,28.5,68.125,10.875,998.0,2015,7,29,2,0
941,2015-07-30,29.0,67.75,9.9625,998.875,2015,7,30,3,0
942,2015-07-31,29.0,71.0,4.175000000000001,999.75,2015,7,31,4,0
943,2015-08-01,28.25,71.75,0.925,1002.75,2015,8,1,5,1
944,2015-08-02,29.625,69.5,2.55,1003.625,2015,8,2,6,1
945,2015-08-03,31.5,58.625,5.325,1001.875,2015,8,3,0,0
946,2015-08-04,29.428571,77.785714,4.771428571428572,1000.071429,2015,8,4,1,0
947,2015-08-05,29.59375,79.65625,8.221875,1000.28125,2015,8,5,2,0
948,2015-08-06,29.5,79.125,3.0250000000000004,998.0,2015,8,6,3,0
949,2015-08-07,29.25,83.0,2.3125,1000.0,2015,8,7,4,0
950,2015-08-08,28.875,84.875,1.625,1002.0,2015,8,8,5,1
951,2015-08-09,27.375,90.125,3.0125,1000.25,2015,8,9,6,1
952,2015-08-10,30.375,77.0,0.0,1000.0,2015,8,10,0,0
953,2015-08-11,28.375,86.625,0.4625,1003.0,2015,8,11,1,0
954,2015-08-12,30.75,74.25,0.0,1003.125,2015,8,12,2,0
955,2015-08-13,32.0,69.5,0.4625,1001.875,2015,8,13,3,0
956,2015-08-14,30.875,72.625,3.475,1002.0,2015,8,14,4,0
957,2015-08-15,28.5,85.5,0.0,1002.75,2015,8,15,5,1
958,2015-08-16,28.625,82.625,1.85,1002.875,2015,8,16,6,1
959,2015-08-17,30.75,72.625,0.7,1001.375,2015,8,17,0,0
960,2015-08-18,29.125,72.875,4.875,1002.571429,2015,8,18,1,0
961,2015-08-19,31.25,61.25,6.221666666666667,1002.375,2015,8,19,2,0
962,2015-08-20,30.75,58.625,14.6,1001.375,2015,8,20,3,0
963,2015-08-21,29.375,72.0,8.575,1002.0,2015,8,21,4,0
964,2015-08-22,30.25,65.375,5.800000000000001,1000.875,2015,8,22,5,1
965,2015-08-23,29.875,69.375,5.5625,1000.857143,2015,8,23,6,1
966,2015-08-24,30.75,65.625,7.1875,1001.75,2015,8,24,0,0
967,2015-08-25,32.0,57.285714,10.071428571428571,1001.0,2015,8,25,1,0
968,2015-08-26,32.0,61.0,4.862500000000001,1001.125,2015,8,26,2,0
969,2015-08-27,32.5,61.0,5.325000000000001,1002.0,2015,8,27,3,0
970,2015-08-28,32.0,63.5,2.3125,1002.25,2015,8,28,4,0
971,2015-08-29,32.25,58.0,5.812500000000001,1001.375,2015,8,29,5,1
972,2015-08-30,32.625,56.5,9.275,1001.375,2015,8,30,6,1
973,2015-08-31,31.857143,54.428571,13.485714285714286,1001.833333,2015,8,31,0,0
974,2015-09-01,32.125,47.625,15.275,1000.857143,2015,9,1,1,0
975,2015-09-02,31.875,45.625,12.7375,1001.75,2015,9,2,2,0
976,2015-09-03,31.625,49.125,10.1875,1005.5,2015,9,3,3,0
977,2015-09-04,32.0,42.625,11.35,1007.875,2015,9,4,4,0
978,2015-09-05,30.875,47.25,7.637499999999999,1007.125,2015,9,5,5,1
979,2015-09-06,31.25,41.8,7.6375,1006.25,2015,9,6,6,1
980,2015-09-07,31.5,46.375,9.4875,1005.75,2015,9,7,0,0
981,2015-09-08,31.625,47.0,11.8125,1005.5,2015,9,8,1,0
982,2015-09-09,31.0,47.875,10.1875,1005.625,2015,9,9,2,0
983,2015-09-10,31.25,46.5,8.575000000000001,1006.75,2015,9,10,3,0
984,2015-09-11,30.75,49.75,6.012499999999999,1006.25,2015,9,11,4,0
985,2015-09-12,32.142857,54.428571,3.171428571428572,1006.0,2015,9,12,5,1
986,2015-09-13,32.125,55.25,1.3875000000000002,1005.875,2015,9,13,6,1
987,2015-09-13,32.125,55.25,1.3875000000000002,1005.875,2015,9,13,6,1
988,2015-09-14,31.875,54.375,2.55,1003.625,2015,9,14,0,0
989,2015-09-15,33.0,55.0,0.4625,1003.25,2015,9,15,1,0
990,2015-09-16,32.375,55.0,1.4,1003.625,2015,9,16,2,0
991,2015-09-17,31.375,58.375,1.1625,1004.375,2015,9,17,3,0
992,2015-09-18,31.0,67.625,7.4125,1005.125,2015,9,18,4,0
993,2015-09-19,30.625,74.25,2.0875000000000004,1003.625,2015,9,19,5,1
994,2015-09-20,29.142857,69.142857,5.557142857142858,1002.857143,2015,9,20,6,1
995,2015-09-21,30.125,64.5,5.800000000000002,1002.5,2015,9,21,0,0
996,2015-09-22,30.25,64.375,10.187499999999998,1002.5,2015,9,22,1,0
997,2015-09-23,28.625,61.25,13.675,1006.375,2015,9,23,2,0
998,2015-09-24,28.25,52.375,11.575,1004.625,2015,9,24,3,0
999,2015-09-25,28.5,49.375,8.575,1003.75,2015,9,25,4,0
1000,2015-09-26,29.25,53.5,6.25,1005.25,2015,9,26,5,1
1001,2015-09-27,28.714286,58.142857,2.9142857142857146,1007.0,2015,9,27,6,1
1002,2015-09-28,28.25,58.5,3.9375,1009.0,2015,9,28,0,0
1003,2015-09-29,29.0,54.571429,9.528571428571428,1010.571429,2015,9,29,1,0
1004,2015-09-30,29.0,46.875,8.3375,1011.375,2015,9,30,2,0
1005,2015-10-01,28.125,51.25,5.574999999999999,1012.0,2015,10,1,3,0
1006,2015-10-02,28.285714,53.714286,14.5875,1010.75,2015,10,2,4,0
1007,2015-10-03,30.0,52.333333,6.221666666666667,1008.714286,2015,10,3,5,1
1008,2015-10-04,29.0,54.375,3.0250000000000004,1008.125,2015,10,4,6,1
1009,2015-10-05,28.875,59.375,1.3875000000000002,1009.25,2015,10,5,0,0
1010,2015-10-06,28.375,61.125,4.6375,1009.0,2015,10,6,1,0
1011,2015-10-07,28.625,65.75,6.4750000000000005,1009.125,2015,10,7,2,0
1012,2015-10-08,28.375,65.125,4.4125000000000005,1007.5,2015,10,8,3,0
1013,2015-10-09,28.5,59.75,6.025,1004.25,2015,10,9,4,0
1014,2015-10-10,28.5,54.625,6.7125,1005.0,2015,10,10,5,1
1015,2015-10-11,28.571429,51.571429,6.885714285714286,1008.714286,2015,10,11,6,1
1016,2015-10-12,29.25,54.125,3.25,1010.0,2015,10,12,0,0
1017,2015-10-13,29.5,62.875,3.725000000000001,1011.0,2015,10,13,1,0
1018,2015-10-14,28.125,63.625,4.875000000000001,1013.25,2015,10,14,2,0
1019,2015-10-15,27.5,66.0,0.4625,1013.5,2015,10,15,3,0
1020,2015-10-16,27.875,62.625,0.925,1013.5,2015,10,16,4,0
1021,2015-10-17,28.0,63.75,3.7125,1012.25,2015,10,17,5,1
1022,2015-10-18,26.857143,71.714286,11.1125,1013.125,2015,10,18,6,1
1023,2015-10-19,28.142857,66.285714,3.4571428571428577,1011.714286,2015,10,19,0,0
1024,2015-10-20,27.714286,64.857143,2.9142857142857146,1009.857143,2015,10,20,1,0
1025,2015-10-21,26.5,62.125,2.0875,1011.875,2015,10,21,2,0
1026,2015-10-22,24.75,56.0,4.4,1012.25,2015,10,22,3,0
1027,2015-10-23,24.0,51.625,4.862500000000001,1011.875,2015,10,23,4,0
1028,2015-10-24,24.875,53.25,1.4,1011.625,2015,10,24,5,1
1029,2015-10-25,26.375,47.125,5.575,1012.75,2015,10,25,6,1
1030,2015-10-26,25.625,52.125,5.574999999999999,1014.875,2015,10,26,0,0
1031,2015-10-27,24.75,54.25,3.475,1013.875,2015,10,27,1,0
1032,2015-10-28,20.875,57.25,7.875000000000001,1015.875,2015,10,28,2,0
1033,2015-10-29,22.125,63.5,1.85,1016.875,2015,10,29,3,0
1034,2015-10-30,22.375,67.25,1.625,1016.375,2015,10,30,4,0
1035,2015-10-31,22.375,69.375,1.1625,1016.125,2015,10,31,5,1
1036,2015-11-01,22.875,70.5,0.925,1016.25,2015,11,1,6,1
1037,2015-11-02,23.375,71.375,0.4625,1015.875,2015,11,2,0,0
1038,2015-11-03,24.0,67.875,0.475,1014.25,2015,11,3,1,0
1039,2015-11-04,23.75,69.0,0.925,1012.25,2015,11,4,2,0
1040,2015-11-05,22.125,75.25,5.100000000000001,1012.375,2015,11,5,3,0
1041,2015-11-06,22.875,74.375,2.325,1012.75,2015,11,6,4,0
1042,2015-11-07,21.875,74.875,1.1625,1014.625,2015,11,7,5,1
1043,2015-11-08,21.875,70.25,1.8625,1015.875,2015,11,8,6,1
1044,2015-11-09,21.75,73.625,0.7,1015.0,2015,11,9,0,0
1045,2015-11-10,22.75,72.625,0.7,1013.5,2015,11,10,1,0
1046,2015-11-11,21.875,59.5,4.6375,1014.375,2015,11,11,2,0
1047,2015-11-12,21.875,60.5,5.7875,1015.375,2015,11,12,3,0
1048,2015-11-13,22.375,59.375,5.325,1014.875,2015,11,13,4,0
1049,2015-11-14,22.375,59.625,3.475,1012.0,2015,11,14,5,1
1050,2015-11-15,22.5,62.0,0.0,1012.0,2015,11,15,6,1
1051,2015-11-16,21.875,50.375,2.7875,1012.625,2015,11,16,0,0
1052,2015-11-17,19.875,48.375,5.1000000000000005,1013.5,2015,11,17,1,0
1053,2015-11-18,18.5,57.625,4.4,1016.375,2015,11,18,2,0
1054,2015-11-19,18.5,64.75,0.925,1017.5,2015,11,19,3,0
1055,2015-11-20,18.5,66.0,0.4625,1016.125,2015,11,20,4,0
1056,2015-11-21,18.75,67.625,1.3875000000000002,1015.5,2015,11,21,5,1
1057,2015-11-22,18.625,64.875,0.4625,1015.125,2015,11,22,6,1
1058,2015-11-23,17.0,73.5,0.0,1015.875,2015,11,23,0,0
1059,2015-11-24,18.5,63.0,1.625,1016.0,2015,11,24,1,0
1060,2015-11-25,19.375,56.375,5.7875000000000005,1014.75,2015,11,25,2,0
1061,2015-11-26,20.0,59.5,0.925,1012.75,2015,11,26,3,0
1062,2015-11-27,18.5,66.25,2.55,1011.25,2015,11,27,4,0
1063,2015-11-28,18.75,82.125,1.1625,1015.375,2015,11,28,5,1
1064,2015-11-29,18.125,81.25,1.1625,1018.0,2015,11,29,6,1
1065,2015-11-30,19.5,82.375,0.925,1016.75,2015,11,30,0,0
1066,2015-12-01,19.25,78.75,1.625,1014.75,2015,12,1,1,0
1067,2015-12-02,18.125,72.125,2.0875,1016.125,2015,12,2,2,0
1068,2015-12-03,17.625,70.25,7.1875,1016.0,2015,12,3,3,0
1069,2015-12-04,17.625,67.5,4.6375,1015.0,2015,12,4,4,0
1070,2015-12-05,17.5,72.375,0.925,1015.875,2015,12,5,5,1
1071,2015-12-06,17.125,75.875,1.4,1016.5,2015,12,6,6,1
1072,2015-12-07,17.625,76.875,2.3125,1017.25,2015,12,7,0,0
1073,2015-12-08,27.875,71.285714,1.0571428571428572,1015.714286,2015,12,8,1,0
1074,2015-12-09,18.375,78.125,3.475,1015.25,2015,12,9,2,0
1075,2015-12-10,19.0,77.25,2.0875000000000004,1011.75,2015,12,10,3,0
1076,2015-12-11,17.25,77.875,5.1000000000000005,1011.375,2015,12,11,4,0
1077,2015-12-12,13.25,91.0,4.4,1014.25,2015,12,12,5,1
1078,2015-12-13,12.875,67.0,3.475,1016.5,2015,12,13,6,1
1079,2015-12-14,13.25,63.625,7.400000000000001,1017.0,2015,12,14,0,0
1080,2015-12-15,13.125,63.875,5.325,1016.5,2015,12,15,1,0
1081,2015-12-16,13.0,65.5,1.1625,1016.375,2015,12,16,2,0
1082,2015-12-17,12.25,73.625,0.925,1016.875,2015,12,17,3,0
1083,2015-12-18,12.875,71.25,4.4,1018.625,2015,12,18,4,0
1084,2015-12-19,12.375,71.875,3.4875,1019.0,2015,12,19,5,1
1085,2015-12-20,11.75,70.25,1.1625,1018.5,2015,12,20,6,1
1086,2015-12-21,12.625,74.75,1.3875000000000002,1018.875,2015,12,21,0,0
1087,2015-12-22,12.0,79.875,0.7,1020.875,2015,12,22,1,0
1088,2015-12-23,12.5,81.375,3.4875000000000003,1020.625,2015,12,23,2,0
1089,2015-12-24,11.25,68.625,6.025,1021.25,2015,12,24,3,0
1090,2015-12-25,11.5,66.125,5.5625,1022.0,2015,12,25,4,0
1091,2015-12-26,12.75,64.5,6.4875,1021.125,2015,12,26,5,1
1092,2015-12-27,15.375,63.25,7.8875,1020.625,2015,12,27,6,1
1093,2015-12-28,17.125,58.125,10.8875,1020.875,2015,12,28,0,0
1094,2015-12-29,16.375,65.0,7.4125,1018.125,2015,12,29,1,0
1095,2015-12-30,15.5,71.75,2.1,1017.5,2015,12,30,2,0
1096,2015-12-31,15.0,71.375,2.0875,1020.5,2015,12,31,3,0
1097,2016-01-01,14.714286,72.285714,1.0571428571428572,1021.142857,2016,1,1,4,0
1098,2016-01-02,14.0,75.875,2.0875,1021.0,2016,1,2,5,1
1099,2016-01-03,14.375,74.75,5.112500000000001,1018.5,2016,1,3,6,1
1100,2016-01-04,15.75,77.125,0.0,1017.625,2016,1,4,0,0
1101,2016-01-05,15.833333,88.833333,0.6166666666666667,1017.0,2016,1,5,1,0
1102,2016-01-06,17.375,81.625,2.3125,1016.5,2016,1,6,2,0
1103,2016-01-07,17.125,87.0,0.0,1018.125,2016,1,7,3,0
1104,2016-01-08,15.5,83.25,7.887500000000001,1017.25,2016,1,8,4,0
1105,2016-01-09,15.857143,65.142857,8.471428571428572,1015.428571,2016,1,9,5,1
1106,2016-01-10,15.625,74.375,2.775,1017.5,2016,1,10,6,1
1107,2016-01-11,15.75,74.875,1.625,1017.5,2016,1,11,0,0
1108,2016-01-12,18.0,69.6875,6.03125,1014.9375,2016,1,12,1,0
1109,2016-01-13,18.266667,75.8,5.08,1014.333333,2016,1,13,2,0
1110,2016-01-14,15.5625,80.4375,4.300000000000001,1016.125,2016,1,14,3,0
1111,2016-01-15,13.0,84.1875,10.775,1017.0,2016,1,15,4,0
1112,2016-01-16,13.6,80.066667,11.239999999999998,1014.6,2016,1,16,5,1
1113,2016-01-17,14.0,77.666667,2.1066666666666665,1016.2,2016,1,17,6,1
1114,2016-01-18,13.266667,80.466667,1.4800000000000002,1014.733333,2016,1,18,0,0
1115,2016-01-19,12.357143,88.571429,4.65,1015.285714,2016,1,19,1,0
1116,2016-01-20,12.066667,84.2,6.193333333333333,1018.666667,2016,1,20,2,0
1117,2016-01-21,12.1875,73.1875,7.887499999999998,1020.1875,2016,1,21,3,0
1118,2016-01-22,11.733333,83.4,3.586666666666667,1019.466667,2016,1,22,4,0
1119,2016-01-23,14.4375,75.875,3.2500000000000004,1019.8125,2016,1,23,5,1
1120,2016-01-24,11.1875,86.25,6.624999999999999,1019.0625,2016,1,24,6,1
1121,2016-01-25,11.666667,75.4,4.58,1017.2,2016,1,25,0,0
1122,2016-01-26,14.5625,79.6875,2.5500000000000003,1015.375,2016,1,26,1,0
1123,2016-01-27,17.583333,69.166667,4.025,1014.166667,2016,1,27,2,0
1124,2016-01-28,16.857143,69.357143,5.028571428571429,1015.071429,2016,1,28,3,0
1125,2016-01-29,19.5625,70.625,2.54375,1017.375,2016,1,29,4,0
1126,2016-01-30,20.142857,78.5,1.2,1014.5,2016,1,30,5,1
1127,2016-01-31,17.375,78.25,7.762500000000001,1016.0,2016,1,31,6,1
1128,2016-02-01,15.846154,65.769231,7.269230769230768,1017.153846,2016,2,1,0,0
1129,2016-02-02,15.266667,55.866667,8.893333333333333,1018.2,2016,2,2,1,0
1130,2016-02-03,13.125,66.5,7.622222222222222,1018.0,2016,2,3,2,0
1131,2016-02-04,16.363636,53.0,6.941666666666666,1017.333333,2016,2,4,3,0
1132,2016-02-05,12.666667,70.666667,2.1666666666666665,1016.833333,2016,2,5,4,0
1133,2016-02-06,15.333333,69.5,3.7,1013.333333,2016,2,6,5,1
1134,2016-02-07,15.625,77.0,2.7875,1015.75,2016,2,7,6,1
1135,2016-02-08,17.090909,67.181818,5.9,1017.090909,2016,2,8,0,0
1136,2016-02-09,17.769231,67.461538,5.846153846153848,1014.692308,2016,2,9,1,0
1137,2016-02-10,18.133333,64.866667,2.1,1012.733333,2016,2,10,2,0
1138,2016-02-11,19.6875,54.75,6.03125,1011.25,2016,2,11,3,0
1139,2016-02-12,19.2,57.866667,0.7466666666666666,1012.533333,2016,2,12,4,0
1140,2016-02-13,17.066667,62.133333,5.806666666666668,1014.866667,2016,2,13,5,1
1141,2016-02-14,17.642857,61.928571,8.071428571428571,1017.214286,2016,2,14,6,1
1142,2016-02-15,17.6,59.533333,5.94,1018.733333,2016,2,15,0,0
1143,2016-02-16,18.214286,56.142857,5.435714285714285,1020.071429,2016,2,16,1,0
1144,2016-02-17,18.714286,59.285714,3.7071428571428577,1019.142857,2016,2,17,2,0
1145,2016-02-18,19.466667,76.0,5.186666666666667,1017.4,2016,2,18,3,0
1146,2016-02-19,23.153846,70.230769,4.146153846153847,1014.615385,2016,2,19,4,0
1147,2016-02-20,23.625,73.125,11.11875,1014.125,2016,2,20,5,1
1148,2016-02-21,21.0,61.125,17.137500000000003,1014.75,2016,2,21,6,1
1149,2016-02-22,21.0,51.428571,15.20714285714286,1014.428571,2016,2,22,0,0
1150,2016-02-23,21.428571,50.642857,9.785714285714286,1012.5,2016,2,23,1,0
1151,2016-02-24,21.6875,58.0625,2.4437500000000005,1012.9375,2016,2,24,2,0
1152,2016-02-25,22.5625,57.5,5.3375,1015.5,2016,2,25,3,0
1153,2016-02-26,22.8,55.6,2.48,1018.4,2016,2,26,4,0
1154,2016-02-27,22.8,59.0,3.333333333333334,1018.466667,2016,2,27,5,1
1155,2016-02-28,23.0,63.0625,3.712500000000001,1018.9375,2016,2,28,6,1
1156,2016-02-29,23.875,63.9375,3.712500000000001,1018.625,2016,2,29,0,0
1157,2016-03-01,24.916667,57.416667,1.7,1015.0,2016,3,1,1,0
1158,2016-03-02,24.933333,57.066667,1.7333333333333334,1015.4,2016,3,2,2,0
1159,2016-03-03,26.0,55.615385,4.292307692307692,1014.615385,2016,3,3,3,0
1160,2016-03-04,27.3125,44.25,6.14375,1012.6875,2016,3,4,4,0
1161,2016-03-05,23.933333,57.133333,11.0,1012.666667,2016,3,5,5,1
1162,2016-03-06,22.8125,66.5625,5.21875,1013.0625,2016,3,6,6,1
1163,2016-03-07,23.714286,64.142857,5.171428571428572,1012.357143,2016,3,7,0,0
1164,2016-03-08,23.428571,60.214286,6.742857142857142,1011.642857,2016,3,8,1,0
1165,2016-03-09,24.0,57.5625,9.375,1012.0625,2016,3,9,2,0
1166,2016-03-10,25.5625,57.4375,7.981249999999999,1013.1875,2016,3,10,3,0
1167,2016-03-11,25.066667,67.8,6.546666666666667,1012.533333,2016,3,11,4,0
1168,2016-03-12,24.5625,66.9375,9.4875,1009.5625,2016,3,12,5,1
1169,2016-03-13,24.25,65.1875,6.84375,1011.1875,2016,3,13,6,1
1170,2016-03-14,22.375,66.0,6.275,1014.3125,2016,3,14,0,0
1171,2016-03-15,24.066667,58.933333,8.646666666666667,1014.866667,2016,3,15,1,0
1172,2016-03-16,23.9375,53.75,10.88125,1012.8125,2016,3,16,2,0
1173,2016-03-17,26.3125,50.3125,6.84375,1010.4375,2016,3,17,3,0
1174,2016-03-18,26.1875,61.25,6.7125,1009.8125,2016,3,18,4,0
1175,2016-03-19,26.785714,61.857143,3.578571428571429,1009.214286,2016,3,19,5,1
1176,2016-03-20,27.133333,58.733333,2.8466666666666667,1010.333333,2016,3,20,6,1
1177,2016-03-21,26.625,43.375,12.2625,1011.125,2016,3,21,0,0
1178,2016-03-22,25.0625,37.875,6.221666666666667,1009.375,2016,3,22,1,0
1179,2016-03-23,26.2,43.266667,10.641666666666667,1010.0,2016,3,23,2,0
1180,2016-03-24,28.133333,46.866667,3.2133333333333334,1013.333333,2016,3,24,3,0
1181,2016-03-25,29.875,50.1875,3.3687500000000004,1013.1875,2016,3,25,4,0
1182,2016-03-26,24.666667,62.666667,9.393333333333334,1013.6,2016,3,26,5,1
1183,2016-03-27,26.25,53.6875,9.156249999999996,1012.8125,2016,3,27,6,1
1184,2016-03-28,25.933333,52.8,6.546666666666667,1008.5,2016,3,28,0,0
1185,2016-03-29,27.125,47.75,7.293749999999999,1011.3125,2016,3,29,1,0
1186,2016-03-30,29.571429,39.785714,7.021428571428571,1011.142857,2016,3,30,2,0
1187,2016-03-31,30.0,39.733333,4.333333333333333,1009.2,2016,3,31,3,0
1188,2016-04-01,30.571429,38.214286,12.035714285714285,1006.714286,2016,4,1,4,0
1189,2016-04-02,32.3125,38.5625,5.4625,1008.0,2016,4,2,5,1
1190,2016-04-03,33.3125,44.25,2.55,1008.375,2016,4,3,6,1
1191,2016-04-04,32.8125,33.125,8.0,1006.6875,2016,4,4,0,0
1192,2016-04-05,32.3125,29.3125,9.26875,1007.0,2016,4,5,1,0
1193,2016-04-06,31.375,33.125,3.475,1006.875,2016,4,6,2,0
1194,2016-04-07,29.933333,37.0,10.85,1007.266667,2016,4,7,3,0
1195,2016-04-08,29.266667,36.0,4.686666666666667,1009.2,2016,4,8,4,0
1196,2016-04-09,30.733333,32.466667,12.61875,1009.3125,2016,4,9,5,1
1197,2016-04-10,32.25,29.0,5.225,1008.8125,2016,4,10,6,1
1198,2016-04-11,29.8,35.0,16.04,1009.4,2016,4,11,0,0
1199,2016-04-12,30.2,36.2,6.221666666666667,1006.333333,2016,4,12,1,0
1200,2016-04-13,31.75,28.0625,6.221666666666667,1003.3125,2016,4,13,2,0
1201,2016-04-14,33.125,23.875,10.425,1003.8125,2016,4,14,3,0
1202,2016-04-15,33.625,25.375,9.8375,1004.625,2016,4,15,4,0
1203,2016-04-16,35.6875,23.6875,11.1125,1003.0625,2016,4,16,5,1
1204,2016-04-17,34.666667,23.866667,9.386666666666663,1002.666667,2016,4,17,6,1
1205,2016-04-18,34.625,30.125,7.175,1004.6875,2016,4,18,0,0
1206,2016-04-19,34.0,33.6,4.566666666666666,1005.866667,2016,4,19,1,0
1207,2016-04-20,34.0625,25.9375,14.01875,1006.4375,2016,4,20,2,0
1208,2016-04-21,34.0,24.666667,15.75,1003.4,2016,4,21,3,0
1209,2016-04-22,33.25,24.25,8.35,1001.727273,2016,4,22,4,0
1210,2016-04-23,31.916667,21.818182,6.221666666666667,1001.846154,2016,4,23,5,1
1211,2016-04-24,31.3125,22.125,10.1875,1003.0625,2016,4,24,6,1
1212,2016-04-25,31.75,22.8125,6.949999999999999,1005.5625,2016,4,25,0,0
1213,2016-04-26,33.4375,25.1875,3.83125,1007.1875,2016,4,26,1,0
1214,2016-04-27,33.125,29.0625,4.981249999999999,1005.6875,2016,4,27,2,0
1215,2016-04-28,34.153846,21.769231,11.823076923076922,1004.692308,2016,4,28,3,0
1216,2016-04-29,34.071429,23.285714,9.123076923076924,1005.714286,2016,4,29,4,0
1217,2016-04-30,33.0625,25.5625,5.2125,1004.8125,2016,4,30,5,1
1218,2016-05-01,34.6875,23.375,8.575,1002.4375,2016,5,1,6,1
1219,2016-05-02,38.0,18.466667,9.513333333333334,1002.2,2016,5,2,0,0
1220,2016-05-03,35.5,30.375,6.49375,1004.3125,2016,5,3,1,0
1221,2016-05-04,33.714286,31.857143,10.464285714285715,1003.785714,2016,5,4,2,0
1222,2016-05-05,30.6,42.0,11.246666666666666,1007.466667,2016,5,5,3,0
1223,2016-05-06,31.4375,37.4375,8.225,1007.0,2016,5,6,4,0
1224,2016-05-07,33.3125,37.1875,4.65,1005.5625,2016,5,7,5,1
1225,2016-05-08,35.133333,36.333333,7.293333333333332,1005.933333,2016,5,8,6,1
1226,2016-05-09,33.533333,40.6,6.221666666666667,1006.0625,2016,5,9,0,0
1227,2016-05-10,34.0,39.75,10.55625,1006.5625,2016,5,10,1,0
1228,2016-05-11,32.5,49.9375,7.774999999999999,1006.0625,2016,5,11,2,0
1229,2016-05-12,35.375,40.0,5.1,1002.25,2016,5,12,3,0
1230,2016-05-13,37.294118,28.117647,8.07058823529412,1001.352941,2016,5,13,4,0
1231,2016-05-14,36.5625,31.875,4.16875,1003.125,2016,5,14,5,1
1232,2016-05-15,37.25,29.5,4.75,1003.5625,2016,5,15,6,1
1233,2016-05-16,37.214286,23.5,9.019999999999998,1000.8,2016,5,16,0,0
1234,2016-05-17,37.5,25.8125,9.6125,998.9375,2016,5,17,1,0
1235,2016-05-18,37.75,27.625,8.45,997.8125,2016,5,18,2,0
1236,2016-05-19,37.375,40.5,9.3875,998.625,2016,5,19,3,0
1237,2016-05-20,37.4,44.2,8.413333333333334,996.933333,2016,5,20,4,0
1238,2016-05-21,36.133333,45.4,10.873333333333331,995.933333,2016,5,21,5,1
1239,2016-05-22,36.8,44.8,6.553333333333333,996.466667,2016,5,22,6,1
1240,2016-05-23,32.214286,47.928571,14.95,999.571429,2016,5,23,0,0
1241,2016-05-24,31.526316,53.526316,8.494736842105263,1000.736842,2016,5,24,1,0
1242,2016-05-25,33.217391,46.608696,10.160869565217393,997.478261,2016,5,25,2,0
1243,2016-05-26,35.269231,44.576923,15.17692307692308,999.153846,2016,5,26,3,0
1244,2016-05-27,38.272727,26.090909,15.31818181818182,999.954545,2016,5,27,4,0
1245,2016-05-28,36.0625,37.25,14.405555555555551,999.833333,2016,5,28,5,1
1246,2016-05-29,31.5,57.0625,11.68125,1001.25,2016,5,29,6,1
1247,2016-05-30,26.8125,74.8125,9.4875,1003.8125,2016,5,30,0,0
1248,2016-05-31,32.642857,51.214286,7.4071428571428575,1002.307692,2016,5,31,1,0
1249,2016-06-01,36.0,42.2,9.133333333333336,1002.733333,2016,6,1,2,0
1250,2016-06-02,37.5625,35.3125,11.93125,1002.0,2016,6,2,3,0
1251,2016-06-03,37.5625,40.6875,2.7812500000000004,1002.25,2016,6,3,4,0
1252,2016-06-04,38.2,42.066667,3.2066666666666666,1001.866667,2016,6,4,5,1
1253,2016-06-05,36.166667,51.75,8.5,1002.833333,2016,6,5,6,1
1254,2016-06-06,35.428571,45.714286,11.0,1001.571429,2016,6,6,0,0
1255,2016-06-07,34.625,59.1875,6.221666666666667,1002.0625,2016,6,7,1,0
1256,2016-06-08,36.071429,44.642857,8.485714285714284,999.214286,2016,6,8,2,0
1257,2016-06-09,35.733333,43.733333,9.26,1008.5,2016,6,9,3,0
1258,2016-06-10,36.133333,41.866667,10.08125,998.25,2016,6,10,4,0
1259,2016-06-11,33.4375,49.9375,8.812500000000002,999.0,2016,6,11,5,1
1260,2016-06-12,35.5,37.125,9.1625,998.8125,2016,6,12,6,1
1261,2016-06-13,36.0,43.3125,12.85,998.1875,2016,6,13,0,0
1262,2016-06-14,32.625,55.125,11.859999999999998,997.8125,2016,6,14,1,0
1263,2016-06-15,34.733333,48.866667,10.513333333333332,996.133333,2016,6,15,2,0
1264,2016-06-16,33.5,51.285714,11.39285714285714,999.0,2016,6,16,3,0
1265,2016-06-17,34.1875,52.25,7.425,999.428571,2016,6,17,4,0
1266,2016-06-18,35.857143,50.571429,10.857142857142858,1000.857143,2016,6,18,5,1
1267,2016-06-19,35.625,53.25,9.387499999999998,1001.375,2016,6,19,6,1
1268,2016-06-20,30.9375,73.9375,7.643750000000001,1000.6875,2016,6,20,0,0
1269,2016-06-21,32.875,62.1875,8.91875,999.9375,2016,6,21,1,0
1270,2016-06-22,33.125,60.8125,7.418750000000001,1001.5625,2016,6,22,2,0
1271,2016-06-23,33.846154,51.615385,5.875000000000001,999.692308,2016,6,23,3,0
1272,2016-06-24,36.4375,46.5625,7.762499999999999,998.3125,2016,6,24,4,0
1273,2016-06-25,35.428571,55.928571,9.664285714285713,1000.071429,2016,6,25,5,1
1274,2016-06-26,34.866667,57.466667,7.660000000000001,1000.375,2016,6,26,6,1
1275,2016-06-27,34.3125,61.25,7.993749999999999,998.866667,2016,6,27,0,0
1276,2016-06-28,30.785714,75.071429,5.435714285714285,1001.5,2016,6,28,1,0
1277,2016-06-29,35.375,58.875,8.449999999999998,1001.1875,2016,6,29,2,0
1278,2016-06-30,35.466667,60.2,6.793333333333333,997.866667,2016,6,30,3,0
1279,2016-07-01,32.125,73.4,8.35,1002.5625,2016,7,1,4,0
1280,2016-07-02,28.4,80.0,5.231250000000001,998.375,2016,7,2,5,1
1281,2016-07-03,29.5625,78.125,1.96875,998.25,2016,7,3,6,1
1282,2016-07-04,30.6875,76.3125,3.481250000000001,997.125,2016,7,4,0,0
1283,2016-07-05,33.25,68.6875,5.3375,995.5625,2016,7,5,1,0
1284,2016-07-06,33.266667,64.066667,8.878571428571428,996.866667,2016,7,6,2,0
1285,2016-07-07,33.5,63.0,5.91875,997.6875,2016,7,7,3,0
1286,2016-07-08,30.8,75.866667,5.433333333333335,997.4,2016,7,8,4,0
1287,2016-07-09,33.25,66.0625,6.73125,996.75,2016,7,9,5,1
1288,2016-07-10,32.5625,65.6875,4.7,996.0625,2016,7,10,6,1
1289,2016-07-11,31.5,71.9375,8.046666666666665,997.75,2016,7,11,0,0
1290,2016-07-12,30.5,80.1875,5.5625,999.0625,2016,7,12,1,0
1291,2016-07-13,31.25,76.3125,6.806666666666667,998.4375,2016,7,13,2,0
1292,2016-07-14,30.4375,80.4375,5.21875,998.375,2016,7,14,3,0
1293,2016-07-15,31.0,78.0625,7.271428571428571,998.625,2016,7,15,4,0
1294,2016-07-16,27.125,93.875,4.371428571428571,999.875,2016,7,16,5,1
1295,2016-07-17,28.125,86.5625,6.6000000000000005,1001.333333,2016,7,17,6,1
1296,2016-07-18,27.666667,91.266667,7.653333333333333,1000.8,2016,7,18,0,0
1297,2016-07-19,32.3125,69.125,13.656249999999998,999.875,2016,7,19,1,0
1298,2016-07-20,34.1875,59.5625,12.9625,999.625,2016,7,20,2,0
1299,2016-07-21,34.133333,56.866667,11.48,999.266667,2016,7,21,3,0
1300,2016-07-22,34.125,56.125,8.687500000000002,999.333333,2016,7,22,4,0
1301,2016-07-23,31.875,66.0,7.768750000000001,1001.625,2016,7,23,5,1
1302,2016-07-24,31.4375,72.25,2.43125,1008.5,2016,7,24,6,1
1303,2016-07-25,31.9375,69.125,2.9125000000000005,1001.875,2016,7,25,0,0
1304,2016-07-26,30.3125,82.0,6.485714285714287,1003.125,2016,7,26,1,0
1305,2016-07-27,28.3125,88.25,4.293750000000001,1004.625,2016,7,27,2,0
1306,2016-07-28,29.533333,81.333333,5.186666666666667,1002.066667,2016,7,28,3,0
1307,2016-07-29,27.375,92.4375,2.43125,1000.9375,2016,7,29,4,0
1308,2016-07-30,27.333333,92.266667,1.86,1001.2,2016,7,30,5,1
1309,2016-07-31,29.266667,83.133333,4.7,1000.666667,2016,7,31,6,1
1310,2016-08-01,29.125,84.25,5.9125000000000005,999.125,2016,8,1,0,0
1311,2016-08-02,30.6875,72.125,6.375,1008.5,2016,8,2,1,0
1312,2016-08-03,32.5625,63.5625,5.45,998.5,2016,8,3,2,0
1313,2016-08-04,33.111111,63.888889,7.927777777777779,998.777778,2016,8,4,3,0
1314,2016-08-05,33.8,61.666667,4.319999999999999,999.333333,2016,8,5,4,0
1315,2016-08-06,30.066667,76.0,6.926666666666667,1000.8,2016,8,6,5,1
1316,2016-08-07,33.117647,65.176471,7.852941176470587,1000.529412,2016,8,7,6,1
1317,2016-08-08,33.809524,62.380952,9.440909090909091,999.636364,2016,8,8,0,0
1318,2016-08-09,31.615385,71.653846,9.55,998.5,2016,8,9,1,0
1319,2016-08-10,32.0,71.259259,10.159259259259262,999.37037,2016,8,10,2,0
1320,2016-08-11,28.107143,89.464286,7.82142857142857,1001.607143,2016,8,11,3,0
1321,2016-08-12,29.035714,85.0,3.848148148148149,1002.285714,2016,8,12,4,0
1322,2016-08-13,30.321429,77.071429,3.2296296296296303,1001.071429,2016,8,13,5,1
1323,2016-08-06,30.066667,76.0,6.926666666666667,1000.8,2016,8,6,5,1
1324,2016-08-07,33.117647,65.176471,7.852941176470587,1000.529412,2016,8,7,6,1
1325,2016-08-08,33.809524,62.380952,9.440909090909091,999.636364,2016,8,8,0,0
1326,2016-08-09,31.615385,71.653846,9.55,998.5,2016,8,9,1,0
1327,2016-08-10,32.0,71.259259,10.159259259259262,999.37037,2016,8,10,2,0
1328,2016-08-11,28.107143,89.464286,7.82142857142857,1001.607143,2016,8,11,3,0
1329,2016-08-12,29.035714,85.0,3.848148148148149,1002.285714,2016,8,12,4,0
1330,2016-08-13,30.321429,77.071429,3.2296296296296303,1001.071429,2016,8,13,5,1
1331,2016-08-14,28.933333,83.7,6.369999999999998,1008.5,2016,8,14,6,1
1332,2016-08-15,31.678571,67.642857,12.725,999.285714,2016,8,15,0,0
1333,2016-08-16,31.333333,66.416667,14.66666666666667,1008.5,2016,8,16,1,0
1334,2016-08-17,29.928571,72.5,6.325,999.518519,2016,8,17,2,0
1335,2016-08-18,29.888889,79.814815,1.7222222222222223,999.923077,2016,8,18,3,0
1336,2016-08-19,32.071429,68.285714,1.917857142857143,999.892857,2016,8,19,4,0
1337,2016-08-20,33.185185,66.481481,10.366666666666667,1000.16,2016,8,20,5,1
1338,2016-08-21,31.592593,68.074074,10.022222222222224,1001.192308,2016,8,21,6,1
1339,2016-08-22,32.185185,65.555556,8.237037037037037,1002.888889,2016,8,22,0,0
1340,2016-08-23,31.48,70.08,6.084,1003.24,2016,8,23,1,0
1341,2016-08-24,30.178571,79.285714,8.419230769230769,1002.5,2016,8,24,2,0
1342,2016-08-25,31.52,72.44,6.276923076923075,1004.423077,2016,8,25,3,0
1343,2016-08-26,31.222222,73.814815,4.392592592592593,1005.222222,2016,8,26,4,0
1344,2016-08-27,31.785714,70.285714,7.15,1006.142857,2016,8,27,5,1
1345,2016-08-28,33.4,66.24,7.2719999999999985,1006.2,2016,8,28,6,1
1346,2016-08-29,29.571429,82.321429,5.825,1003.607143,2016,8,29,0,0
1347,2016-08-30,30.04,76.8,8.903846153846153,1002.192308,2016,8,30,1,0
1348,2016-08-31,27.259259,89.555556,6.729629629629631,1003.037037,2016,8,31,2,0
1349,2016-09-01,27.96,87.24,4.148,1002.44,2016,9,1,3,0
1350,2016-09-02,30.73913,71.73913,13.204347826086956,1001.272727,2016,9,2,4,0
1351,2016-09-03,30.894737,62.684211,13.263157894736842,1001.157895,2016,9,3,5,1
1352,2016-09-04,31.692308,59.307692,11.12307692307692,1002.923077,2016,9,4,6,1
1353,2016-09-05,31.076923,60.307692,13.961538461538463,1003.230769,2016,9,5,0,0
1354,2016-09-06,30.375,55.0,13.437499999999998,1003.75,2016,9,6,1,0
1355,2016-09-07,31.1,57.7,9.1,1003.454545,2016,9,7,2,0
1356,2016-09-08,31.916667,58.0,10.808333333333332,1005.166667,2016,9,8,3,0
1357,2016-09-09,30.555556,56.666667,11.52222222222222,1004.333333,2016,9,9,4,0
1358,2016-09-10,31.230769,58.230769,11.969230769230771,1005.230769,2016,9,10,5,1
1359,2016-09-11,31.0,56.4,8.15,1003.8,2016,9,11,6,1
1360,2016-09-12,31.642857,55.5,10.85,1005.071429,2016,9,12,0,0
1361,2016-09-13,32.533333,57.066667,8.526666666666666,1006.4,2016,9,13,1,0
1362,2016-09-14,30.857143,70.357143,4.235714285714287,1006.928571,2016,9,14,2,0
1363,2016-09-15,31.727273,59.636364,11.9,1004.75,2016,9,15,3,0
1364,2016-09-16,31.4,58.0,3.5200000000000005,1004.4,2016,9,16,4,0
1365,2016-09-17,32.307692,58.0,2.707692307692308,1003.153846,2016,9,17,5,1
1366,2016-09-18,32.25,58.833333,6.221666666666667,1005.0,2016,9,18,6,1
1367,2016-09-19,32.375,59.458333,2.0875,1004.708333,2016,9,19,0,0
1368,2016-09-20,33.444444,54.074074,2.56923076923077,1003.518519,2016,9,20,1,0
1369,2016-09-21,33.36,58.96,6.0920000000000005,1005.4,2016,9,21,2,0
1370,2016-09-22,30.037037,67.62963,8.107407407407404,1008.777778,2016,9,22,3,0
1371,2016-09-23,31.0,66.107143,3.571428571428573,1005.321429,2016,9,23,4,0
1372,2016-09-24,31.24,66.48,5.496153846153845,1008.5,2016,9,24,5,1
1373,2016-09-25,31.130435,62.304348,3.1478260869565218,1004.782609,2016,9,25,6,1
1374,2016-09-26,31.48,60.88,2.986956521739131,1006.76,2016,9,26,0,0
1375,2016-09-27,32.185185,57.814815,1.7807692307692309,1006.703704,2016,9,27,1,0
1376,2016-09-28,32.44,55.28,2.5200000000000005,1005.28,2016,9,28,2,0
1377,2016-09-29,32.227273,61.318182,3.963636363636364,1005.590909,2016,9,29,3,0
1378,2016-09-30,32.214286,59.357143,2.582142857142858,1005.571429,2016,9,30,4,0
1379,2016-10-01,32.541667,61.916667,3.170833333333334,1007.5,2016,10,1,5,1
1380,2016-10-02,32.814815,61.814815,4.122222222222223,1009.111111,2016,10,2,6,1
1381,2016-10-03,33.269231,59.576923,3.992592592592593,1007.185185,2016,10,3,0,0
1382,2016-10-04,30.555556,69.814815,5.770370370370371,1005.37037,2016,10,4,1,0
1383,2016-10-05,28.833333,71.875,3.325,1005.25,2016,10,5,2,0
1384,2016-10-06,30.703704,64.814815,3.2333333333333325,1007.148148,2016,10,6,3,0
1385,2016-10-07,30.96,59.96,15.825,1007.2,2016,10,7,4,0
1386,2016-10-08,30.6,57.96,8.76153846153846,1006.846154,2016,10,8,5,1
1387,2016-10-09,30.92,59.2,3.184000000000001,1005.96,2016,10,9,6,1
1388,2016-10-10,29.777778,51.111111,4.807407407407408,1006.148148,2016,10,10,0,0
1389,2016-10-11,29.666667,51.148148,8.922222222222224,1006.592593,2016,10,11,1,0
1390,2016-10-12,29.571429,47.285714,11.371428571428568,1006.25,2016,10,12,2,0
1391,2016-10-13,29.962963,44.0,13.022222222222224,1008.333333,2016,10,13,3,0
1392,2016-10-14,29.75,47.875,8.934782608695652,1009.125,2016,10,14,4,0
1393,2016-10-15,27.740741,54.148148,6.662962962962963,1010.518519,2016,10,15,5,1
1394,2016-10-16,28.428571,49.857143,7.014285714285715,1011.857143,2016,10,16,6,1
1395,2016-10-17,28.6,49.24,7.1160000000000005,1010.56,2016,10,17,0,0
1396,2016-10-18,28.5,48.458333,7.668181818181818,1009.458333,2016,10,18,1,0
1397,2016-10-19,28.925926,49.185185,6.459259259259259,1008.555556,2016,10,19,2,0
1398,2016-10-20,29.076923,47.730769,9.124,1007.538462,2016,10,20,3,0
1399,2016-10-21,28.409091,50.409091,10.695454545454549,1008.727273,2016,10,21,4,0
1400,2016-10-22,29.333333,49.481481,13.323076923076924,1009.37037,2016,10,22,5,1
1401,2016-10-23,27.5,54.961538,11.546153846153846,1009.307692,2016,10,23,6,1
1402,2016-10-24,28.5,51.423077,11.188461538461535,1008.269231,2016,10,24,0,0
1403,2016-10-25,28.04,54.56,12.388461538461542,1008.923077,2016,10,25,1,0
1404,2016-10-26,27.576923,56.192308,5.699999999999998,1011.730769,2016,10,26,2,0
1405,2016-10-27,26.555556,59.37037,6.044444444444444,1014.62963,2016,10,27,3,0
1406,2016-10-28,25.518519,58.777778,7.277777777777777,1012.407407,2016,10,28,4,0
1407,2016-10-29,25.814815,62.777778,1.7148148148148148,1013.0,2016,10,29,5,1
1408,2016-10-30,24.826087,71.043478,2.0130434782608697,1014.608696,2016,10,30,6,1
1409,2016-10-31,24.538462,66.807692,1.6423076923076925,1017.807692,2016,10,31,0,0
1410,2016-11-01,24.384615,58.730769,2.7153846153846155,1016.384615,2016,11,1,1,0
1411,2016-11-02,23.727273,65.909091,1.4318181818181817,1016.590909,2016,11,2,2,0
1412,2016-11-03,25.64,59.76,2.2320000000000007,1016.24,2016,11,3,3,0
1413,2016-11-04,24.814815,58.296296,4.122222222222222,1012.62963,2016,11,4,4,0
1414,2016-11-05,23.115385,66.576923,5.784615384615384,1010.346154,2016,11,5,5,1
1415,2016-11-06,22.925926,63.851852,2.411111111111111,1011.518519,2016,11,6,6,1
1416,2016-11-07,24.545455,51.318182,8.172727272727274,1012.772727,2016,11,7,0,0
1417,2016-11-08,23.730769,52.269231,12.750000000000002,1013.64,2016,11,8,1,0
1418,2016-11-09,23.0,49.703704,7.074074074074074,1014.666667,2016,11,9,2,0
1419,2016-11-10,23.518519,50.148148,3.225925925925927,1013.814815,2016,11,10,3,0
1420,2016-11-11,23.92,54.04,2.968,1014.08,2016,11,11,4,0
1421,2016-11-12,23.538462,58.038462,2.7846153846153854,1015.153846,2016,11,12,5,1
1422,2016-11-13,24.296296,55.814815,4.4,1016.518519,2016,11,13,6,1
1423,2016-11-14,23.346154,60.730769,1.4961538461538462,1015.730769,2016,11,14,0,0
1424,2016-11-15,22.24,55.72,4.087999999999999,1016.24,2016,11,15,1,0
1425,2016-11-16,21.769231,53.230769,7.138461538461537,1017.538462,2016,11,16,2,0
1426,2016-11-17,21.730769,51.730769,11.55,1008.5,2016,11,17,3,0
1427,2016-11-18,21.730769,53.615385,7.7799999999999985,1014.692308,2016,11,18,4,0
1428,2016-11-19,20.666667,60.666667,2.8400000000000003,1012.466667,2016,11,19,5,1
1429,2016-11-20,22.25,59.9,2.5050000000000003,1013.35,2016,11,20,6,1
1430,2016-11-21,21.538462,60.461538,2.7153846153846155,1013.0,2016,11,21,0,0
1431,2016-11-22,22.578947,50.157895,7.999999999999998,1012.894737,2016,11,22,1,0
1432,2016-11-23,22.826087,51.434783,6.604347826086956,1013.173913,2016,11,23,2,0
1433,2016-11-24,21.421053,51.473684,8.289473684210526,1014.947368,2016,11,24,3,0
1434,2016-11-25,23.6,30.55,15.085000000000004,1012.95,2016,11,25,4,0
1435,2016-11-26,24.294118,32.647059,14.494117647058824,1013.25,2016,11,26,5,1
1436,2016-11-27,23.636364,33.636364,12.45909090909091,1013.590909,2016,11,27,6,1
1437,2016-11-28,22.454545,37.318182,9.185714285714289,1008.5,2016,11,28,0,0
1438,2016-11-29,21.611111,53.722222,1.238888888888889,1015.0,2016,11,29,1,0
1439,2016-11-30,19.869565,80.086957,4.269565217391306,1016.608696,2016,11,30,2,0
1440,2016-12-01,19.75,84.0,2.704166666666667,1016.875,2016,12,1,3,0
1441,2016-12-02,19.208333,75.875,4.945833333333334,1017.75,2016,12,2,4,0
1442,2016-12-03,21.208333,52.166667,5.866666666666666,1019.333333,2016,12,3,5,1
1443,2016-12-04,18.9,55.25,5.666666666666666,1019.7,2016,12,4,6,1
1444,2016-12-05,18.636364,56.590909,4.9523809523809526,1017.045455,2016,12,5,0,0
1445,2016-12-06,18.538462,69.923077,2.5038461538461543,1017.961538,2016,12,6,1,0
1446,2016-12-07,18.25,74.35,0.925,1017.421053,2016,12,7,2,0
1447,2016-12-08,16.9,73.3,1.765,1016.2,2016,12,8,3,0
1448,2016-12-09,19.416667,68.125,1.3125,1013.416667,2016,12,9,4,0
1449,2016-12-10,16.444444,82.833333,5.355555555555556,1014.0,2016,12,10,5,1
1450,2016-12-11,20.041667,69.583333,4.716666666666667,1013.291667,2016,12,11,6,1
1451,2016-12-12,19.909091,63.863636,3.2818181818181817,1014.181818,2016,12,12,0,0
1452,2016-12-13,19.05,62.35,3.4300000000000006,1015.1,2016,12,13,1,0
1453,2016-12-14,18.555556,58.611111,8.027777777777775,1017.333333,2016,12,14,2,0
1454,2016-12-15,18.166667,56.625,9.879166666666666,1016.666667,2016,12,15,3,0
1455,2016-12-16,15.833333,63.277778,3.9166666666666674,1018.777778,2016,12,16,4,0
1456,2016-12-17,17.5,63.388889,6.731578947368422,1016.947368,2016,12,17,5,1
1457,2016-12-18,16.083333,64.541667,6.420833333333331,1018.083333,2016,12,18,6,1
1458,2016-12-19,17.857143,56.095238,10.414285714285716,1017.428571,2016,12,19,0,0
1459,2016-12-20,19.8,48.533333,15.926666666666671,1015.2,2016,12,20,1,0
1460,2016-12-21,18.05,54.3,6.221666666666667,1015.619048,2016,12,21,2,0
1461,2016-12-22,17.285714,57.857143,6.1809523809523785,1016.142857,2016,12,22,3,0
1462,2016-12-23,15.55,74.7,1.205,1014.25,2016,12,23,4,0
1463,2016-12-24,17.318182,78.636364,5.236363636363636,1011.318182,2016,12,24,5,1
1464,2016-12-25,14.0,94.3,9.085,1014.35,2016,12,25,6,1
1465,2016-12-26,17.142857,74.857143,8.784210526315787,1016.952381,2016,12,26,0,0
1466,2016-12-27,16.85,67.55,8.335,1017.2,2016,12,27,1,0
1467,2016-12-28,17.217391,68.043478,3.547826086956522,1015.565217,2016,12,28,2,0
1468,2016-12-29,15.238095,87.857143,6.0,1016.904762,2016,12,29,3,0
1469,2016-12-30,14.095238,89.666667,6.266666666666667,1017.904762,2016,12,30,4,0
1470,2016-12-31,15.052632,87.0,7.325,1016.1,2016,12,31,5,1
1471,2017-01-01,10.0,100.0,0.0,1016.0,2017,1,1,6,1
